model,routing,turn,provider,first_token_ms,ttft_ms,choice_ms,first_words_ms,total_ms,tokens_in,tokens_out,cost_usd,choice,rapport,header_valid,think_leak,error,say
qwen/qwen3-14b,default,0,NextBit,547,547,686,816,1104,1846,48,0.0001952,counter_step_1,warm_to_speaker,True,True,"","A plough share takes two days at the anvil. Forty-two farthings, and it'll be ready in six."
qwen/qwen3-14b,default,1,DeepInfra,222,281,459,637,1021,1847,42,0.0002317,counter_step_1,stay_neutral,True,True,"","Forty-two farthings, and six days. I've no time to dawdle, lad."
qwen/qwen3-14b,default,2,NextBit,475,475,609,743,921,1850,40,0.0001938,counter_step_1,stay_neutral,True,True,"","Forty-two farthings, and six days. That's the price of iron, lad."
qwen/qwen3-14b,default,3,DeepInfra,283,342,749,749,1005,1847,41,0.0002315,counter_step_1,stay_neutral,True,True,"","Forty-two farthings, and six days. That's the price of iron and the fire."
qwen/qwen3-14b,default,4,DeepInfra,407,469,634,828,1204,1850,44,0.0002326,accept_at_price,warm_to_speaker,True,True,"","Thirty-six farthings, and six days. That's the price, lad. No more, no less."
qwen/qwen3-14b,default,5,NextBit,507,507,642,783,1028,1844,45,0.0001943,counter_step_1,warm_to_speaker,True,True,"","Forty-two farthings, and six days. That's the best I can do for a plough share."
qwen/qwen3-14b,default,6,DeepInfra,257,300,477,650,1105,1845,48,0.0002329,counter_step_1,warm_to_speaker,True,True,"","Forty-two farthings, and six days. That's the best I can do for a man who's worked the field."
qwen/qwen3-14b,default,7,DeepInfra,778,961,1017,1190,1693,1843,46,0.0002322,counter_step_1,stay_neutral,True,True,"","Forty-two farthings, and it'll be ready in six days. That's a fair price for iron and work."
qwen/qwen3-14b,default,8,NextBit,474,477,601,734,924,1848,40,0.0001936,counter_step_1,stay_neutral,True,True,"","Forty-two farthings, and six days. That's the price of iron, lad."
qwen/qwen3-14b,default,9,DeepInfra,230,281,446,609,990,1842,45,0.0002318,accept_at_price,stay_neutral,True,True,"","Thirty-six farthings, and it'll be ready in six days. That's the best I can do, lad."
qwen/qwen3-14b,default,10,NextBit,659,659,816,929,1232,1846,49,0.0001954,counter_step_1,warm_to_speaker,True,True,"","A plough share's not cheap. Forty-two farthings, and six days to shape it. Can you wait that long?"
qwen/qwen3-14b,default,11,DeepInfra,326,378,537,713,1229,1847,44,0.0002322,counter_step_1,stay_neutral,True,True,"","Forty-two farthings, and six days. That's the best I can do for a plough share."
qwen/qwen3-14b,default,12,NextBit,687,687,823,961,1168,1850,42,0.0001942,counter_step_1,stay_neutral,True,True,"","Forty-two farthings, and six days. That's the price of iron, not the ground."
qwen/qwen3-14b,default,13,NextBit,438,438,591,722,933,1847,42,0.0001939,counter_step_1,stay_neutral,True,True,"","Forty-two farthings, and six days. That's the price of iron, not the ground."
qwen/qwen3-14b,default,14,NextBit,469,469,603,737,1086,1850,52,0.0001964,accept_at_price,warm_to_speaker,True,True,"","Thirty-six farthings, and six days. That's what the share's worth. You've worked hard, lad. I'll see it done."
qwen/qwen3-14b,default,15,DeepInfra,283,331,484,640,926,1844,42,0.0002314,counter_step_1,stay_neutral,True,True,"","42 farthings, and six days. That's the price for iron and the work."
qwen/qwen3-14b,default,16,NextBit,465,465,603,740,964,1845,43,0.0001940,counter_step_1,warm_to_speaker,True,True,"","Forty-two farthings, and six days. That's the price of iron, not the ground."
qwen/qwen3-14b,default,17,DeepInfra,677,727,883,1034,1312,1843,41,0.0002310,counter_step_1,stay_neutral,True,True,"","Forty-two farthings, and six days. That's a fair price for iron and work."
qwen/qwen3-14b,default,18,NextBit,439,466,604,737,889,1848,39,0.0001934,counter_step_1,warm_to_speaker,True,True,"","Forty-two farthings, and six days. I've no time to spare."
qwen/qwen3-14b,default,19,NextBit,479,482,615,750,979,1842,42,0.0001934,counter_step_1,stay_neutral,True,True,"","Forty-two farthings, and six days. That's the best I can do for a share."
qwen/qwen3-14b,latency,0,DeepInfra,255,304,458,610,897,1846,41,0.0002314,counter_step_1,stay_neutral,True,True,"","Forty-two farthings, and six days. That's the price for iron and my time."
qwen/qwen3-14b,latency,1,DeepInfra,204,254,442,556,873,1847,42,0.0002317,counter_step_1,stay_neutral,True,True,"","Forty-two farthings, and six days. I've no time to dawdle, lad."
qwen/qwen3-14b,latency,2,DeepInfra,210,267,425,573,989,1850,48,0.0002335,counter_step_1,stay_neutral,True,True,"","Forty-two farthings, and six days. That's the best I can do for a share. No more, no less."
qwen/qwen3-14b,latency,3,DeepInfra,269,320,476,629,1017,1847,47,0.0002329,counter_step_1,stay_neutral,True,True,"","Forty-two farthings, and six days. That's the best I can do, lad. Iron don't come cheap."
qwen/qwen3-14b,latency,4,DeepInfra,225,276,432,589,901,1850,43,0.0002323,counter_step_1,stay_neutral,True,True,"","Forty-two farthings, and six days. That's the price for iron and my time, lad."
qwen/qwen3-14b,latency,5,DeepInfra,439,679,709,715,953,1844,46,0.0002323,counter_step_1,stay_neutral,True,True,"","Forty-two farthings, and it'll be ready in six days. That's the price for iron and the work."
qwen/qwen3-14b,latency,6,DeepInfra,209,254,412,552,959,1845,48,0.0002329,counter_step_1,warm_to_speaker,True,True,"","Forty-two farthings, and six days. That's the best I can do for a man who's worked the field."
qwen/qwen3-14b,latency,7,DeepInfra,265,321,475,628,1045,1843,46,0.0002322,counter_step_1,stay_neutral,True,True,"","Forty-two farthings, and it'll be ready in six days. That's the price for iron and the wait."
qwen/qwen3-14b,latency,8,DeepInfra,250,289,449,748,1064,1848,39,0.0002311,counter_step_1,stay_neutral,True,True,"","Forty-two farthings, and six days. That's what it takes, lad."
qwen/qwen3-14b,latency,9,DeepInfra,243,304,475,648,973,1842,41,0.0002309,accept_at_price,stay_neutral,True,True,"","Thirty-six farthings, and it'll be done in six days. No more, no less."
qwen/qwen3-14b,latency,10,DeepInfra,225,279,437,595,872,1846,40,0.0002311,counter_step_1,stay_neutral,True,True,"","Forty-two farthings, and six days. That's the price for iron and work."
qwen/qwen3-14b,latency,11,DeepInfra,236,286,440,595,959,1847,46,0.0002327,counter_step_1,stay_neutral,True,True,"","Forty-two farthings, and six days. That's the best I can do for a share that'll break stones."
qwen/qwen3-14b,latency,12,DeepInfra,215,267,420,580,972,1850,48,0.0002335,counter_step_1,stay_neutral,True,True,"","Forty-two farthings, and six days. That's the best I can do for a share. Take it or leave it."
qwen/qwen3-14b,latency,13,DeepInfra,234,290,444,596,924,1847,44,0.0002322,counter_step_1,stay_neutral,True,True,"","Forty-two farthings, and six days. That's the best I can do for a plough share."
qwen/qwen3-14b,latency,14,DeepInfra,247,304,479,646,962,1850,41,0.0002318,counter_step_1,stay_neutral,True,True,"","Forty-two farthings, and six days. That's the price for iron and the work."
qwen/qwen3-14b,latency,15,DeepInfra,218,277,451,678,952,1844,42,0.0002314,counter_step_1,stay_neutral,True,True,"","42 farthings, and six days. That's the price for iron and the work."
qwen/qwen3-14b,latency,16,DeepInfra,250,295,671,965,2264,1845,46,0.0002324,counter_step_1,warm_to_speaker,True,True,"","Forty-two farthings, and six days. That's the best I can do for a man who works hard."
qwen/qwen3-14b,latency,17,DeepInfra,233,282,434,1004,1288,1843,44,0.0002317,counter_step_1,stay_neutral,True,True,"","Forty-two farthings, and it'll be ready in six days. That's a fair price for iron."
qwen/qwen3-14b,latency,18,DeepInfra,641,649,662,673,996,1848,41,0.0002316,counter_step_1,stay_neutral,True,True,"","Forty-two farthings, and six days. That's what I ask for iron and work."
qwen/qwen3-14b,latency,19,DeepInfra,222,285,711,744,1342,1842,45,0.0002318,accept_at_price,stay_neutral,True,True,"","Thirty-six farthings, and it'll be ready in six days. That's the best I can do, lad."
qwen/qwen3-30b-a3b-instruct-2507,default,0,SiliconFlow,1039,1039,1281,1758,2866,1845,50,0.0001811,accept_at_price,warm_to_speaker,True,False,"","Aye, I’ll make it for thirty-six farthings. Six days, and the iron’s good. Bring the wood for the handle when you come."
qwen/qwen3-30b-a3b-instruct-2507,default,1,Nebius,517,517,713,916,1585,1846,46,0.0001984,accept_at_price,warm_to_speaker,True,False,"","Three and six farthings, lad. I’ll have it ready in six days. Iron don’t wait, nor does the field."
qwen/qwen3-30b-a3b-instruct-2507,default,2,Nebius,518,518,726,1162,2043,1849,51,0.0002002,accept_at_price,warm_to_speaker,True,False,"","Aye. Thirty-six farthings, and I’ll have it done in six days. Iron won’t bend for kindness, but I’ll make it true."
qwen/qwen3-30b-a3b-instruct-2507,default,3,DekaLLM,595,595,621,702,808,1846,48,0.0001805,accept_at_price,warm_to_speaker,True,False,"","Three and a half shillings, lad. I’ll have it ready in six days. Iron doesn’t wait, and neither do I."
qwen/qwen3-30b-a3b-instruct-2507,default,4,DekaLLM,454,454,617,619,767,1849,42,0.0001790,accept_at_price,warm_to_speaker,True,False,"","Three and six, lad. I’ll have it done by Hearthday. Iron won’t bend to lazy hands."
qwen/qwen3-30b-a3b-instruct-2507,default,5,Nebius,508,508,772,995,1790,1843,53,0.0002002,accept_at_price,warm_to_speaker,True,False,"","Thirty won't buy it. But 36 farthings, and I'll have it done in six days. I've earned my keep, and so have you."
qwen/qwen3-30b-a3b-instruct-2507,default,6,Nebius,483,483,706,908,1866,1844,48,0.0001988,accept_at_price,warm_to_speaker,True,False,"","Three and six, lad. I'll have it done by Hearthday. Iron don't bend for luck, but I'll make it hold."
qwen/qwen3-30b-a3b-instruct-2507,default,7,PrimeIntellect,553,553,757,939,1725,1842,49,0.0002649,accept_at_price,warm_to_speaker,True,False,"","Thirty-six farthings. I’ll have it done by Hearthday, if you bring the iron. Iron doesn’t lie, and neither do I."
qwen/qwen3-30b-a3b-instruct-2507,default,8,SiliconFlow,974,974,1458,1639,3016,1847,52,0.0001818,accept_at_price,warm_to_speaker,True,False,"","Thirty-six farthings, and it'll be ready in six days. You haul the charcoal, I'll make the share. By the Ember, I keep my word."
qwen/qwen3-30b-a3b-instruct-2507,default,9,Nebius,472,472,731,991,1694,1841,46,0.0001979,accept_at_price,warm_to_speaker,True,False,"","I'll make it for thirty-six farthings. Six days, and you'll have a share that bites the stone, not breaks."
qwen/qwen3-30b-a3b-instruct-2507,default,10,SiliconFlow,1398,1398,1547,1797,2750,1845,51,0.0001813,accept_at_price,warm_to_speaker,True,False,"","Aye, I'll make it for thirty-six farthings. Six days, and it'll hold in that stony ground. Bring the iron when you can."
qwen/qwen3-30b-a3b-instruct-2507,default,11,SiliconFlow,944,944,1132,1486,2450,1846,49,0.0001808,accept_at_price,warm_to_speaker,True,False,"","Three and six, lad. I’ll have it done by Hearthday, if you bring the iron. Iron doesn’t wait, and neither do I."
qwen/qwen3-30b-a3b-instruct-2507,default,12,Nebius,655,655,747,879,1273,1849,48,0.0001993,accept_at_price,warm_to_speaker,True,False,"","Thirty-six farthings, and it'll be done by the sixth day. Iron won't bend for kindness, but I'll make it right."
qwen/qwen3-30b-a3b-instruct-2507,default,13,Nebius,604,604,907,1993,3354,1846,54,0.0002008,accept_at_price,warm_to_speaker,True,False,"","Aye, I’ll make it for thirty-six farthings. Six days, and it’ll bite the soil like a wolf. Bring the coin when the share’s done."
qwen/qwen3-30b-a3b-instruct-2507,default,14,SiliconFlow,1317,1317,1432,1856,2758,1849,44,0.0001796,accept_at_price,warm_to_speaker,True,False,"","Three-and-six, then. I’ll have it done by Hearthday. Iron doesn’t bend for want of a good man."
qwen/qwen3-30b-a3b-instruct-2507,default,15,SiliconFlow,1011,1011,1121,1221,1558,1843,51,0.0001812,accept_at_price,warm_to_speaker,True,False,"","Thirty won't cover the iron or the time. But I'll make it for thirty-six, and have it ready by the sixth day. You've earned it."
qwen/qwen3-30b-a3b-instruct-2507,default,16,SiliconFlow,1224,1224,1224,1392,1827,1844,47,0.0001801,accept_at_price,warm_to_speaker,True,False,"","Three and a half shillings, lad. I’ll have it done by Hearthday. Iron doesn’t lie, and neither do I."
qwen/qwen3-30b-a3b-instruct-2507,default,17,SiliconFlow,595,595,693,876,1529,1842,46,0.0001796,accept_at_price,warm_to_speaker,True,False,"","Thirty-six farthings, and it'll be ready in six days. Iron won't hold if you rush it, and I won't."
qwen/qwen3-30b-a3b-instruct-2507,default,18,PrimeIntellect,759,759,883,1154,1381,1847,44,0.0002630,accept_at_price,warm_to_speaker,True,False,"","Thirty-six farthings, and it'll be ready in six days. You haul the charcoal, I'll shape the iron."
qwen/qwen3-30b-a3b-instruct-2507,default,19,Nebius,774,774,880,1160,1570,1841,51,0.0001994,accept_at_price,warm_to_speaker,True,False,"","Aye, I'll make it for thirty-six farthings. Six days, and the iron will hold. Bring the wood for the handle when you come."
qwen/qwen3-30b-a3b-instruct-2507,latency,0,Nebius,397,397,478,758,1087,1845,46,0.0001983,accept_at_price,warm_to_speaker,True,False,"","Thirty-six farthings, and it'll be ready in six days. I'll need the coin now, not when the fair comes."
qwen/qwen3-30b-a3b-instruct-2507,latency,1,Nebius,359,359,444,594,879,1846,46,0.0001984,accept_at_price,warm_to_speaker,True,False,"","Thirty-six farthings, and it’ll be done by the sixth day. I’ll need the coin now, and no more delays."
qwen/qwen3-30b-a3b-instruct-2507,latency,2,Nebius,366,366,455,748,1816,1849,55,0.0002014,accept_at_price,warm_to_speaker,True,False,"","Aye, I’ll make it for thirty-six farthings. Six days, and it’ll bite the earth like a beast. Bring the wood for the handle when you come."
qwen/qwen3-30b-a3b-instruct-2507,latency,3,Nebius,521,521,687,961,1308,1846,48,0.0001990,accept_at_price,warm_to_speaker,True,False,"","I’ll make it for thirty-six farthings. Six days, and it’ll hold in that stone ground. Bring the coin when you can."
qwen/qwen3-30b-a3b-instruct-2507,latency,4,Nebius,459,459,546,652,975,1849,46,0.0001987,accept_at_price,warm_to_speaker,True,False,"","Three and six farthings, lad. I’ll have it ready in six days. Iron don’t wait, and neither do I."
qwen/qwen3-30b-a3b-instruct-2507,latency,5,Nebius,363,363,451,644,1336,1843,50,0.0001993,accept_at_price,warm_to_speaker,True,False,"","Thirty won't buy it. Thirty-six, and it'll be ready by the sixth day after Hearthday. I'll need your word on the coin."
qwen/qwen3-30b-a3b-instruct-2507,latency,6,Nebius,455,455,638,823,1136,1844,47,0.0001985,accept_at_price,warm_to_speaker,True,False,"","Thirty-six farthings, and it’ll be done by the sixth day. I’ve seen your hands—work like iron, not talk."
qwen/qwen3-30b-a3b-instruct-2507,latency,7,Nebius,541,541,695,1339,1597,1842,45,0.0001977,accept_at_price,warm_to_speaker,True,False,"","Thirty-six farthings, and I'll have it done in six days. You've earned it with your work on the field."
qwen/qwen3-30b-a3b-instruct-2507,latency,8,Nebius,388,388,659,734,1023,1847,44,0.0001979,accept_at_price,warm_to_speaker,True,False,"","Thirty-six farthings, and it'll be done by Hearthday. You haul the charcoal, I'll shape the iron."
qwen/qwen3-30b-a3b-instruct-2507,latency,9,Nebius,423,423,552,764,1211,1841,53,0.0002000,accept_at_price,warm_to_speaker,True,False,"","Aye, lad. I’ll make it for thirty-six farthings. Six days, and it’ll hold in that stone ground. Bring the coin when you can."
qwen/qwen3-30b-a3b-instruct-2507,latency,10,Nebius,503,503,603,701,996,1845,46,0.0001983,accept_at_price,warm_to_speaker,True,False,"","Thirty-six farthings. I’ll have it ready in six days. Iron doesn’t bend for the lazy, and neither do I."
qwen/qwen3-30b-a3b-instruct-2507,latency,11,Nebius,449,449,640,943,1635,1846,49,0.0001993,accept_at_price,warm_to_speaker,True,False,"","Three and a half shillings it is, then. I'll have it ready in six days, by the time the ploughing starts."
qwen/qwen3-30b-a3b-instruct-2507,latency,12,Nebius,361,361,450,597,1250,1849,59,0.0002026,accept_at_price,warm_to_speaker,True,False,"","Aye, I'll make it for thirty-six farthings. Six days, and it'll hold in that stony ground. Bring the iron, and I'll start when the fire's hot."
qwen/qwen3-30b-a3b-instruct-2507,latency,13,Nebius,491,491,584,769,1093,1846,48,0.0001990,accept_at_price,warm_to_speaker,True,False,"","Aye, I'll make it. Thirty-six farthings, and it'll be ready in six days. Iron doesn't bend for haste."
qwen/qwen3-30b-a3b-instruct-2507,latency,14,Nebius,375,375,459,785,1395,1849,46,0.0001987,accept_at_price,warm_to_speaker,True,False,"","Three and six for the share. I’ll have it ready in six days. Iron’s not cheap, but you’ve earned it."
qwen/qwen3-30b-a3b-instruct-2507,latency,15,Nebius,377,377,470,556,1033,1843,49,0.0001990,accept_at_price,warm_to_speaker,True,False,"","Thirty will not cover the iron or the fire. But I’ll make it for 36 farthings, and have it ready in six days."
qwen/qwen3-30b-a3b-instruct-2507,latency,16,Nebius,443,443,541,612,1333,1844,48,0.0001988,accept_at_price,warm_to_speaker,True,False,"","Thirty-six farthings. I’ll have it ready by the sixth day. Iron doesn’t bend for luck, but I’ll make it true."
qwen/qwen3-30b-a3b-instruct-2507,latency,17,Nebius,755,755,974,1207,1821,1842,46,0.0001980,accept_at_price,warm_to_speaker,True,False,"","Thirty-six farthings, and it’ll be done by the sixth day. I’ll need the coin now, and no more talk."
qwen/qwen3-30b-a3b-instruct-2507,latency,18,Nebius,367,367,464,602,925,1847,44,0.0001979,accept_at_price,warm_to_speaker,True,False,"","Thirty-six farthings, and it’ll be ready in six days. You’ve earned it with your hands on that field."
qwen/qwen3-30b-a3b-instruct-2507,latency,19,Nebius,369,369,462,749,1311,1841,37,0.0001952,refuse,none,True,False,"","I don't work for nothing, lad. Not even for a man who clears fields like a beast of burden."
qwen/qwen3.5-35b-a3b,default,0,SiliconFlow,992,992,1097,1211,1608,1914,49,0.0005476,accept_at_price,warm_to_speaker,True,False,"","Aye, I'll take your coin. Iron and iron only work together. Thirty-six farthings, and I'll have it ready in six days."
qwen/qwen3.5-35b-a3b,default,1,SiliconFlow,1054,1054,1089,1262,1692,1915,52,0.0005532,accept_at_price,warm_to_speaker,True,False,"","Fair price, fair work. Thirty-six farthings, and I'll have it done in six days. Iron is iron, lad, and the north field needs it."
qwen/qwen3.5-35b-a3b,default,2,SiliconFlow,1049,1049,1118,1299,1645,1918,48,0.0005467,accept_at_price,warm_to_speaker,True,False,"","Dunstan speaks true. I will make it for 36 farthings. Bring the coin in six days, and the share will be ready."
qwen/qwen3.5-35b-a3b,default,3,SiliconFlow,1154,1154,1227,1414,1785,1915,47,0.0005442,accept_at_price,warm_to_speaker,True,False,"","By the Ember, I'll make it for 36 farthings. Six days, and you'll have it ready before the council meets."
qwen/qwen3.5-35b-a3b,default,4,SiliconFlow,1011,1011,1079,1293,1586,1918,42,0.0005359,accept_at_price,warm_to_speaker,True,False,"","By the Ember, I see you've worked hard. Thirty-six farthings, and it's done in six days."
qwen/qwen3.5-35b-a3b,default,5,DeepInfra,1114,1114,1131,1174,1284,1912,42,0.0003097,accept_at_price,warm_to_speaker,True,False,"","Thirty is too little for iron and sweat. Take it for thirty-six, and it's done in six days."
qwen/qwen3.5-35b-a3b,default,6,Parasail,508,508,639,643,685,1913,46,0.0003329,accept_at_price,warm_to_speaker,True,False,"","By the Ember, I see you work hard. I'll make the share for 36 farthings, ready in six days."
qwen/qwen3.5-35b-a3b,default,7,DeepInfra,336,336,366,410,523,1911,42,0.0003095,accept_at_price,warm_to_speaker,True,False,"","Thirty-six farthings, and six days. Iron does not bend to a soft hand, and neither do I."
qwen/qwen3.5-35b-a3b,default,8,DeepInfra,325,325,395,399,532,1916,46,0.0003142,accept_at_price,warm_to_speaker,True,False,"","By the Ember, you have a good eye. I will make the share for 36 farthings, ready in six days."
qwen/qwen3.5-35b-a3b,default,9,Parasail,456,456,588,588,658,1910,46,0.0003325,refuse,none,True,False,"","Iron costs coin, lad. I do not give my work for free, not even for a hard worker. By the Ember, ask plain or walk away."
qwen/qwen3.5-35b-a3b,default,10,Parasail,503,503,633,637,685,1914,47,0.0003341,accept_at_price,warm_to_speaker,True,False,"","By the Ember, I'll make it. Thirty-six farthings, and you take it in six days. Hard work for hard iron."
qwen/qwen3.5-35b-a3b,default,11,Parasail,444,444,523,530,574,1915,47,0.0003343,accept_at_price,warm_to_speaker,True,False,"","Thirty-six farthings. Six days to draw the iron. You work hard in the north field; I'll make a share that holds."
qwen/qwen3.5-35b-a3b,default,12,DeepInfra,394,394,394,424,536,1918,46,0.0003145,accept_at_price,warm_to_speaker,True,False,"","Three shillings and four pence, then. Six days, and you bring the coin. Iron does not wait, lad."
qwen/qwen3.5-35b-a3b,default,13,DeepInfra,854,854,874,885,910,1915,46,0.0003141,accept_at_price,warm_to_speaker,True,False,"","By the Ember, I will make it for you. Thirty-six farthings, ready in six days. Hard work for hard soil."
qwen/qwen3.5-35b-a3b,default,14,Venice,1120,1120,1120,1430,1559,1913,46,0.0006553,accept_at_price,warm_to_speaker,True,False,"","The soil there is hard iron, so the price is 36 farthings. It will be ready in six days, lad."
qwen/qwen3.5-35b-a3b,default,15,Parasail,595,595,661,664,781,1912,54,0.0003408,accept_at_price,warm_to_speaker,True,False,"","Thirty won't cover the iron, lad. Thirty-six and I'll have it for you in six days. By the Ember, it's a fair price for hard work."
qwen/qwen3.5-35b-a3b,default,16,SiliconFlow,1157,1157,1157,1300,1762,1913,56,0.0005599,accept_at_price,warm_to_speaker,True,False,"","Thirty-six farthings, then. I'll have it done in six days. Your work on the north field is good, and I'll not let you starve for want of iron."
qwen/qwen3.5-35b-a3b,default,17,DeepInfra,431,431,431,457,529,1911,43,0.0003105,accept_at_price,warm_to_speaker,True,False,"","Thirty-six farthings. Six days for the iron. The ground breaks wood, but it won't break my work."
qwen/qwen3.5-35b-a3b,default,18,DeepInfra,321,321,350,392,577,1916,52,0.0003202,accept_at_price,warm_to_speaker,True,False,"","By the Ember, that's a fair trade. Charcoal for iron. Bring the wood by noon tomorrow, and I'll have it for you in six days."
qwen/qwen3.5-35b-a3b,default,19,DeepInfra,368,368,394,416,582,1910,52,0.0003194,accept_at_price,warm_to_speaker,True,False,"","By the Ember, I heard you work hard. I will make the share for 36 farthings, ready in six days. Iron takes time, lad."
qwen/qwen3.5-35b-a3b,latency,0,DeepInfra,373,373,373,406,555,1914,48,0.0003160,accept_at_price,warm_to_speaker,True,False,"","Iron or nothing, you said. Very well. Thirty-six farthings, ready in six days. The fire is hot enough for your share."
qwen/qwen3.5-35b-a3b,latency,1,DeepInfra,370,370,370,403,535,1915,47,0.0003151,accept_at_price,warm_to_speaker,True,False,"","Thirty-six farthings, then. I start it when the bellows are full, ready in six days. Iron takes time, lad."
qwen/qwen3.5-35b-a3b,latency,2,DeepInfra,1286,1286,1444,1608,1859,1918,45,0.0003135,accept_at_price,warm_to_speaker,True,False,"","By the Ember, I'll take the coin. Thirty-six farthings, six days. Iron waits for no man, lad."
qwen/qwen3.5-35b-a3b,latency,3,DeepInfra,360,360,390,433,547,1915,44,0.0003121,accept_at_price,warm_to_speaker,True,False,"","Iron takes time, and so does your coin. Thirty-six farthings, and I'll have it done in six days."
qwen/qwen3.5-35b-a3b,latency,4,DeepInfra,341,341,386,440,587,1918,47,0.0003155,accept_at_price,warm_to_speaker,True,False,"","Aye, the field is hard work and you've earned a share. Six days and 36 farthings, by the Ember."
qwen/qwen3.5-35b-a3b,latency,5,DeepInfra,324,324,355,399,512,1912,44,0.0003117,accept_at_price,warm_to_speaker,True,False,"","Thirty farthings is too little for iron that heavy. I'll take thirty-six, and have it done in six days."
qwen/qwen3.5-35b-a3b,latency,6,DeepInfra,385,385,416,462,590,1913,47,0.0003148,accept_at_price,warm_to_speaker,True,False,"","By the Ember, I'll make it. Six days for thirty-six farthings. The soil is hard, but the iron will hold."
qwen/qwen3.5-35b-a3b,latency,7,DeepInfra,566,566,741,741,758,1911,40,0.0003075,accept_at_price,warm_to_speaker,True,False,"","Thirty-six farthings. Six days. Iron holds or breaks, but the price stands by the Ember."
qwen/qwen3.5-35b-a3b,latency,8,DeepInfra,271,271,315,351,460,1916,45,0.0003132,accept_at_price,warm_to_speaker,True,False,"","A fair trade. Haul the charcoal and I'll have the share for you in six days for 36 farthings."
qwen/qwen3.5-35b-a3b,latency,9,DeepInfra,318,318,332,375,497,1910,42,0.0003094,refuse,none,True,False,"","By the Ember, you ask the impossible. Iron costs coin, and my charcoal is gone. Take your wooden share back to the field."
qwen/qwen3.5-35b-a3b,latency,10,DeepInfra,352,352,435,459,573,1914,51,0.0003190,accept_at_price,warm_to_speaker,True,False,"","Aye, I'll make it. Thirty-six farthings, and six days for the iron to cool. You've earned my respect with that field work."
qwen/qwen3.5-35b-a3b,latency,11,DeepInfra,317,317,359,438,509,1915,42,0.0003101,accept_at_price,warm_to_speaker,True,False,"","Thirty-six farthings. Six days. You've worked hard on that ground; I'll make it for you."
qwen/qwen3.5-35b-a3b,latency,12,DeepInfra,341,341,371,413,542,1918,47,0.0003155,accept_at_price,warm_to_speaker,True,False,"","Dunstan speaks true. I will make it for 36 farthings, ready in six days. Bring the coin when you come."
qwen/qwen3.5-35b-a3b,latency,13,DeepInfra,325,325,352,410,514,1915,44,0.0003121,accept_at_price,warm_to_speaker,True,False,"","Iron takes time and charcoal, both scarce. I'll make it for 36 farthings, ready in six days."
qwen/qwen3.5-35b-a3b,latency,14,DeepInfra,319,319,362,404,513,1918,43,0.0003115,accept_at_price,warm_to_speaker,True,False,"","By the Ember, you've earned it. Thirty-six farthings, and I'll have it done in six days."
qwen/qwen3.5-35b-a3b,latency,15,DeepInfra,437,437,437,438,519,1912,41,0.0003087,accept_at_price,warm_to_speaker,True,False,"","Thirty is too low for iron that hard. I'll take thirty-six and have it done in six days."
qwen/qwen3.5-35b-a3b,latency,16,DeepInfra,790,790,832,876,995,1913,46,0.0003138,accept_at_price,warm_to_speaker,True,False,"","By the Ember, you work hard enough to earn it. Thirty-six farthings, and I'll have it ready in six days."
qwen/qwen3.5-35b-a3b,latency,17,DeepInfra,333,333,359,405,514,1911,41,0.0003085,accept_at_price,warm_to_speaker,True,False,"","Thirty-six farthings, and six days. I'll have it done before the barley sows, lad."
qwen/qwen3.5-35b-a3b,latency,18,DeepInfra,423,423,451,508,607,1916,43,0.0003112,accept_at_price,warm_to_speaker,True,False,"","Charcoal is low, but your back is straight. Thirty-six farthings, and it's done in six days."
qwen/qwen3.5-35b-a3b,latency,19,DeepInfra,229,229,243,283,370,1910,37,0.0003044,refuse,none,True,False,"","Iron costs coin and charcoal. I do not work for free, nor do I give my life's work away."
qwen/qwen3.6-35b-a3b,default,0,DeepInfra,259,259,298,339,427,1914,40,0.0002294,accept_at_price,warm_to_speaker,True,False,"","Forty farthings. Six days. I’ll take it, since Hild says you’re good folk."
qwen/qwen3.6-35b-a3b,default,1,Parasail,1118,1118,1188,1220,1591,1915,41,0.0003282,counter_step_1,stay_neutral,True,False,"","Iron is dear and charcoal scarce. I ask 42 farthings for it, six days to finish."
qwen/qwen3.6-35b-a3b,default,2,Venice,695,695,695,723,799,1918,33,0.0002248,accept_at_price,warm_to_speaker,True,False,"","Fair price for fair work. Bring the coin and I’ll start."
qwen/qwen3.6-35b-a3b,default,3,Parasail,1806,1806,1873,1919,1992,1915,35,0.0003222,accept_at_price,warm_to_speaker,True,False,"","Thirty-six farthings. Six days. Pay now, or don't ask."
qwen/qwen3.6-35b-a3b,default,4,DeepInfra,260,260,286,340,465,1918,49,0.0002383,accept_at_price,warm_to_speaker,True,False,"","Forty shillings? You’re mad. Thirty-six farthings, and I want the coin now. I’ll have it done in six days."
qwen/qwen3.6-35b-a3b,default,5,Venice,1276,1276,1276,1276,1347,1912,44,0.0002352,counter_step_1,stay_neutral,True,False,"","Thirty is too little for iron and two days' work. Forty-two farthings, and it's done in six days."
qwen/qwen3.6-35b-a3b,default,6,DeepInfra,377,377,423,470,583,1913,40,0.0002293,accept_at_price,warm_to_speaker,True,False,"","Thirty-six farthings. Six days. You pay when I bring it. Don't make me wait."
qwen/qwen3.6-35b-a3b,default,7,DeepInfra,340,340,390,433,573,1911,43,0.0002320,counter_step_1,stay_neutral,True,False,"","Iron costs dear, lad. Forty-two farthings. I can have it done in six days if you pay now."
qwen/qwen3.6-35b-a3b,default,8,CoreWeave,548,548,591,666,807,1916,43,0.0005328,accept_at_price,warm_to_speaker,True,False,"","Charcoal haul is hard work. Forty farthings for the share, and I’ll have it done in six days."
qwen/qwen3.6-35b-a3b,default,9,Venice,643,643,643,667,747,1910,44,0.0002350,accept_at_price,warm_to_speaker,True,False,"","By the Ember, you work hard. I’ll make it for 36 farthings. Come back in six days."
qwen/qwen3.6-35b-a3b,default,10,Venice,651,651,656,656,743,1914,37,0.0002284,accept_at_price,warm_to_speaker,True,False,"","Thirty-six farthings. Six days for it. Pay now, or don't ask."
qwen/qwen3.6-35b-a3b,default,11,AkashML,436,436,839,873,1038,1915,35,0.0002230,accept_at_price,warm_to_speaker,True,False,"","Forty-two farthings. Six days. Pay now, or don't ask."
qwen/qwen3.6-35b-a3b,default,12,Phala,1146,1146,1449,1756,2364,1918,41,0.0004357,accept_at_price,warm_to_speaker,True,False,"","Thirty-six farthings. Six days. Pay now, or walk away. Iron costs coin, not promises."
qwen/qwen3.6-35b-a3b,default,13,CoreWeave,244,244,283,341,436,1915,39,0.0005275,counter_step_1,stay_neutral,True,False,"","Forty-two farthings. Six days for the iron. Pay half now, or find another smith."
qwen/qwen3.6-35b-a3b,default,14,AkashML,859,859,914,953,1121,1918,44,0.0002314,counter_step_1,warm_to_speaker,True,False,"","Forty-two farthings. I need the coin for iron, and my charcoal is low. Give it to me now."
qwen/qwen3.6-35b-a3b,default,15,AkashML,430,430,431,466,566,1912,44,0.0002308,counter_step_1,stay_neutral,True,False,"","Thirty is a pittance for the iron and the days. Forty-two, and I start it when the fire is hot."
qwen/qwen3.6-35b-a3b,default,16,Venice,672,672,672,702,795,1913,43,0.0002343,accept_at_price,warm_to_speaker,True,False,"","Forty shillings is a fair price for iron that hard. I'll have it done in six days, lad."
qwen/qwen3.6-35b-a3b,default,17,DeepInfra,304,304,343,384,494,1911,43,0.0002320,accept_at_price,warm_to_speaker,True,False,"","Thirty-six farthings. Six days for the iron, not a day less. Pay now, or don't ask."
qwen/qwen3.6-35b-a3b,default,18,AkashML,438,438,496,661,728,1916,38,0.0002258,counter_step_1,stay_neutral,True,False,"","Charcoal is scarce. Forty-two farthings, and I start when the cart rolls in."
qwen/qwen3.6-35b-a3b,default,19,AkashML,301,301,513,858,902,1910,40,0.0001438,accept_at_price,warm_to_speaker,True,False,"","By the Ember, I won't work for free. Thirty-six farthings, or find another smith."
qwen/qwen3.6-35b-a3b,latency,0,CoreWeave,235,235,275,442,456,1914,33,0.0005198,accept_at_price,warm_to_speaker,True,False,"","Thirty-six farthings. Six days. Pay when you take it."
qwen/qwen3.6-35b-a3b,latency,1,CoreWeave,226,226,265,324,423,1915,39,0.0005275,accept_at_price,warm_to_speaker,True,False,"","Forty-two farthings. Six days. You help with the hinges, and I’ll start tonight."
qwen/qwen3.6-35b-a3b,latency,2,CoreWeave,232,232,271,328,427,1918,39,0.0005282,accept_at_price,warm_to_speaker,True,False,"","Dunstan speaks true. Thirty-six farthings. Six days. Coin first, by the Ember."
qwen/qwen3.6-35b-a3b,latency,3,CoreWeave,225,225,264,323,413,1915,38,0.0005263,accept_at_price,warm_to_speaker,True,False,"","Thirty-six farthings. Six days for the iron. Pay now, or don't ask."
qwen/qwen3.6-35b-a3b,latency,4,CoreWeave,226,226,266,323,450,1918,45,0.0005357,accept_at_price,warm_to_speaker,True,False,"","You helped my wife. I'll take 36 farthings. Give it six days, or less if the fire holds."
qwen/qwen3.6-35b-a3b,latency,5,CoreWeave,225,225,263,329,459,1912,42,0.0005305,counter_step_1,stay_neutral,True,False,"","Iron costs dear, lad. Thirty is short. I’ll take forty-two for a share that lasts the season."
qwen/qwen3.6-35b-a3b,latency,6,CoreWeave,240,240,278,336,434,1913,40,0.0005282,accept_at_price,warm_to_speaker,True,False,"","Thirty-six farthings. Six days. I work fast, but the iron costs dear. Pay now."
qwen/qwen3.6-35b-a3b,latency,7,CoreWeave,225,225,267,316,409,1911,37,0.0005240,accept_at_price,warm_to_speaker,True,False,"","Thirty-six farthings. Six days. You have the coin, I have the iron."
qwen/qwen3.6-35b-a3b,latency,8,CoreWeave,232,232,273,329,430,1916,40,0.0005290,counter_step_1,stay_neutral,True,False,"","Charcoal is scarce. Forty-two farthings, ready in six days. Take it or leave it."
qwen/qwen3.6-35b-a3b,latency,9,AkashML,171,171,196,224,312,1910,40,0.0001342,accept_at_price,warm_to_speaker,True,False,"","Iron costs dear, lad. Thirty-six farthings, six days. Pay now or don't ask."
qwen/qwen3.6-35b-a3b,latency,10,CoreWeave,222,222,264,317,509,1914,42,0.0005310,accept_at_price,warm_to_speaker,True,False,"","Thirty-six farthings. Six days. You have the coin? Then bring it and I’ll start the iron."
qwen/qwen3.6-35b-a3b,latency,11,CoreWeave,225,225,263,321,454,1915,47,0.0005375,counter_step_1,warm_to_speaker,True,False,"","Forty-two farthings. Iron costs dear, and the share takes two days of my time. I can have it ready in six."
qwen/qwen3.6-35b-a3b,latency,12,CoreWeave,227,227,265,340,475,1918,43,0.0005332,accept_at_price,warm_to_speaker,True,False,"","Hild spoke well of you. Thirty-six farthings. Six days. Pay now, or don't bother me."
qwen/qwen3.6-35b-a3b,latency,13,CoreWeave,236,236,275,336,455,1915,44,0.0005338,counter_step_1,stay_neutral,True,False,"","Thirty-six won't cover the iron or my time. Forty-two farthings, six days. Take it or leave it."
qwen/qwen3.6-35b-a3b,latency,14,CoreWeave,241,241,282,336,476,1918,48,0.0005395,accept_at_price,warm_to_speaker,True,False,"","Forty shillings for iron and six days of my time. Pay it, and I’ll have it ready before the ploughing starts."
qwen/qwen3.6-35b-a3b,latency,15,CoreWeave,223,223,263,321,431,1912,41,0.0005292,counter_step_1,stay_neutral,True,False,"","Thirty won't cover the iron, lad. Forty-two, and I'll have it done in six days."
qwen/qwen3.6-35b-a3b,latency,16,CoreWeave,226,226,266,319,403,1913,34,0.0005208,accept_at_price,warm_to_speaker,True,False,"","Forty shillings. Six days. Pay now, or walk away."
qwen/qwen3.6-35b-a3b,latency,17,CoreWeave,217,217,256,315,389,1911,35,0.0005215,accept_at_price,warm_to_speaker,True,False,"","Thirty-six farthings. It takes six days and I need the coin now."
qwen/qwen3.6-35b-a3b,latency,18,CoreWeave,232,232,270,329,465,1916,48,0.0005390,accept_at_price,warm_to_speaker,True,False,"","Charcoal haulage is heavy work. Thirty-six farthings, and it’s done in six days. By the Ember, don’t delay."
qwen/qwen3.6-35b-a3b,latency,19,AkashML,278,278,278,283,443,1910,44,0.0001474,accept_at_price,warm_to_speaker,True,False,"","Iron costs dear, and my charcoal runs low. Thirty-six farthings, and I’ll have it done in six days."
qwen/qwen3.8-flash,default,0,?,-1,-1,-1,-1,51,0,0,0.0000000,,,False,False,"HTTP 404: {"error":{"message":"0 endpoints out of 1 requested are available matching your guardrail restrictions and data policy. We removed them for the following reason",""
qwen/qwen3.8-flash,default,1,?,-1,-1,-1,-1,63,0,0,0.0000000,,,False,False,"HTTP 404: {"error":{"message":"0 endpoints out of 1 requested are available matching your guardrail restrictions and data policy. We removed them for the following reason",""
qwen/qwen3.8-flash,default,2,?,-1,-1,-1,-1,52,0,0,0.0000000,,,False,False,"HTTP 404: {"error":{"message":"0 endpoints out of 1 requested are available matching your guardrail restrictions and data policy. We removed them for the following reason",""
qwen/qwen3.8-flash,default,3,?,-1,-1,-1,-1,49,0,0,0.0000000,,,False,False,"HTTP 404: {"error":{"message":"0 endpoints out of 1 requested are available matching your guardrail restrictions and data policy. We removed them for the following reason",""
qwen/qwen3.8-flash,default,4,?,-1,-1,-1,-1,36,0,0,0.0000000,,,False,False,"HTTP 404: {"error":{"message":"0 endpoints out of 1 requested are available matching your guardrail restrictions and data policy. We removed them for the following reason",""
qwen/qwen3.8-flash,default,5,?,-1,-1,-1,-1,42,0,0,0.0000000,,,False,False,"HTTP 404: {"error":{"message":"0 endpoints out of 1 requested are available matching your guardrail restrictions and data policy. We removed them for the following reason",""
qwen/qwen3.8-flash,default,6,?,-1,-1,-1,-1,33,0,0,0.0000000,,,False,False,"HTTP 404: {"error":{"message":"0 endpoints out of 1 requested are available matching your guardrail restrictions and data policy. We removed them for the following reason",""
qwen/qwen3.8-flash,default,7,?,-1,-1,-1,-1,36,0,0,0.0000000,,,False,False,"HTTP 404: {"error":{"message":"0 endpoints out of 1 requested are available matching your guardrail restrictions and data policy. We removed them for the following reason",""
qwen/qwen3.8-flash,default,8,?,-1,-1,-1,-1,34,0,0,0.0000000,,,False,False,"HTTP 404: {"error":{"message":"0 endpoints out of 1 requested are available matching your guardrail restrictions and data policy. We removed them for the following reason",""
qwen/qwen3.8-flash,default,9,?,-1,-1,-1,-1,40,0,0,0.0000000,,,False,False,"HTTP 404: {"error":{"message":"0 endpoints out of 1 requested are available matching your guardrail restrictions and data policy. We removed them for the following reason",""
qwen/qwen3.8-flash,default,10,?,-1,-1,-1,-1,30,0,0,0.0000000,,,False,False,"HTTP 404: {"error":{"message":"0 endpoints out of 1 requested are available matching your guardrail restrictions and data policy. We removed them for the following reason",""
qwen/qwen3.8-flash,default,11,?,-1,-1,-1,-1,36,0,0,0.0000000,,,False,False,"HTTP 404: {"error":{"message":"0 endpoints out of 1 requested are available matching your guardrail restrictions and data policy. We removed them for the following reason",""
qwen/qwen3.8-flash,default,12,?,-1,-1,-1,-1,35,0,0,0.0000000,,,False,False,"HTTP 404: {"error":{"message":"0 endpoints out of 1 requested are available matching your guardrail restrictions and data policy. We removed them for the following reason",""
qwen/qwen3.8-flash,default,13,?,-1,-1,-1,-1,32,0,0,0.0000000,,,False,False,"HTTP 404: {"error":{"message":"0 endpoints out of 1 requested are available matching your guardrail restrictions and data policy. We removed them for the following reason",""
qwen/qwen3.8-flash,default,14,?,-1,-1,-1,-1,39,0,0,0.0000000,,,False,False,"HTTP 404: {"error":{"message":"0 endpoints out of 1 requested are available matching your guardrail restrictions and data policy. We removed them for the following reason",""
qwen/qwen3.8-flash,default,15,?,-1,-1,-1,-1,59,0,0,0.0000000,,,False,False,"HTTP 404: {"error":{"message":"0 endpoints out of 1 requested are available matching your guardrail restrictions and data policy. We removed them for the following reason",""
qwen/qwen3.8-flash,default,16,?,-1,-1,-1,-1,33,0,0,0.0000000,,,False,False,"HTTP 404: {"error":{"message":"0 endpoints out of 1 requested are available matching your guardrail restrictions and data policy. We removed them for the following reason",""
qwen/qwen3.8-flash,default,17,?,-1,-1,-1,-1,34,0,0,0.0000000,,,False,False,"HTTP 404: {"error":{"message":"0 endpoints out of 1 requested are available matching your guardrail restrictions and data policy. We removed them for the following reason",""
qwen/qwen3.8-flash,default,18,?,-1,-1,-1,-1,38,0,0,0.0000000,,,False,False,"HTTP 404: {"error":{"message":"0 endpoints out of 1 requested are available matching your guardrail restrictions and data policy. We removed them for the following reason",""
qwen/qwen3.8-flash,default,19,?,-1,-1,-1,-1,30,0,0,0.0000000,,,False,False,"HTTP 404: {"error":{"message":"0 endpoints out of 1 requested are available matching your guardrail restrictions and data policy. We removed them for the following reason",""
qwen/qwen3.8-flash,latency,0,?,-1,-1,-1,-1,34,0,0,0.0000000,,,False,False,"HTTP 404: {"error":{"message":"0 endpoints out of 1 requested are available matching your guardrail restrictions and data policy. We removed them for the following reason",""
qwen/qwen3.8-flash,latency,1,?,-1,-1,-1,-1,38,0,0,0.0000000,,,False,False,"HTTP 404: {"error":{"message":"0 endpoints out of 1 requested are available matching your guardrail restrictions and data policy. We removed them for the following reason",""
qwen/qwen3.8-flash,latency,2,?,-1,-1,-1,-1,33,0,0,0.0000000,,,False,False,"HTTP 404: {"error":{"message":"0 endpoints out of 1 requested are available matching your guardrail restrictions and data policy. We removed them for the following reason",""
qwen/qwen3.8-flash,latency,3,?,-1,-1,-1,-1,39,0,0,0.0000000,,,False,False,"HTTP 404: {"error":{"message":"0 endpoints out of 1 requested are available matching your guardrail restrictions and data policy. We removed them for the following reason",""
qwen/qwen3.8-flash,latency,4,?,-1,-1,-1,-1,34,0,0,0.0000000,,,False,False,"HTTP 404: {"error":{"message":"0 endpoints out of 1 requested are available matching your guardrail restrictions and data policy. We removed them for the following reason",""
qwen/qwen3.8-flash,latency,5,?,-1,-1,-1,-1,31,0,0,0.0000000,,,False,False,"HTTP 404: {"error":{"message":"0 endpoints out of 1 requested are available matching your guardrail restrictions and data policy. We removed them for the following reason",""
qwen/qwen3.8-flash,latency,6,?,-1,-1,-1,-1,27,0,0,0.0000000,,,False,False,"HTTP 404: {"error":{"message":"0 endpoints out of 1 requested are available matching your guardrail restrictions and data policy. We removed them for the following reason",""
qwen/qwen3.8-flash,latency,7,?,-1,-1,-1,-1,33,0,0,0.0000000,,,False,False,"HTTP 404: {"error":{"message":"0 endpoints out of 1 requested are available matching your guardrail restrictions and data policy. We removed them for the following reason",""
qwen/qwen3.8-flash,latency,8,?,-1,-1,-1,-1,26,0,0,0.0000000,,,False,False,"HTTP 404: {"error":{"message":"0 endpoints out of 1 requested are available matching your guardrail restrictions and data policy. We removed them for the following reason",""
qwen/qwen3.8-flash,latency,9,?,-1,-1,-1,-1,31,0,0,0.0000000,,,False,False,"HTTP 404: {"error":{"message":"0 endpoints out of 1 requested are available matching your guardrail restrictions and data policy. We removed them for the following reason",""
qwen/qwen3.8-flash,latency,10,?,-1,-1,-1,-1,23,0,0,0.0000000,,,False,False,"HTTP 404: {"error":{"message":"0 endpoints out of 1 requested are available matching your guardrail restrictions and data policy. We removed them for the following reason",""
qwen/qwen3.8-flash,latency,11,?,-1,-1,-1,-1,33,0,0,0.0000000,,,False,False,"HTTP 404: {"error":{"message":"0 endpoints out of 1 requested are available matching your guardrail restrictions and data policy. We removed them for the following reason",""
qwen/qwen3.8-flash,latency,12,?,-1,-1,-1,-1,52,0,0,0.0000000,,,False,False,"HTTP 404: {"error":{"message":"0 endpoints out of 1 requested are available matching your guardrail restrictions and data policy. We removed them for the following reason",""
qwen/qwen3.8-flash,latency,13,?,-1,-1,-1,-1,30,0,0,0.0000000,,,False,False,"HTTP 404: {"error":{"message":"0 endpoints out of 1 requested are available matching your guardrail restrictions and data policy. We removed them for the following reason",""
qwen/qwen3.8-flash,latency,14,?,-1,-1,-1,-1,34,0,0,0.0000000,,,False,False,"HTTP 404: {"error":{"message":"0 endpoints out of 1 requested are available matching your guardrail restrictions and data policy. We removed them for the following reason",""
qwen/qwen3.8-flash,latency,15,?,-1,-1,-1,-1,34,0,0,0.0000000,,,False,False,"HTTP 404: {"error":{"message":"0 endpoints out of 1 requested are available matching your guardrail restrictions and data policy. We removed them for the following reason",""
qwen/qwen3.8-flash,latency,16,?,-1,-1,-1,-1,25,0,0,0.0000000,,,False,False,"HTTP 404: {"error":{"message":"0 endpoints out of 1 requested are available matching your guardrail restrictions and data policy. We removed them for the following reason",""
qwen/qwen3.8-flash,latency,17,?,-1,-1,-1,-1,33,0,0,0.0000000,,,False,False,"HTTP 404: {"error":{"message":"0 endpoints out of 1 requested are available matching your guardrail restrictions and data policy. We removed them for the following reason",""
qwen/qwen3.8-flash,latency,18,?,-1,-1,-1,-1,35,0,0,0.0000000,,,False,False,"HTTP 404: {"error":{"message":"0 endpoints out of 1 requested are available matching your guardrail restrictions and data policy. We removed them for the following reason",""
qwen/qwen3.8-flash,latency,19,?,-1,-1,-1,-1,25,0,0,0.0000000,,,False,False,"HTTP 404: {"error":{"message":"0 endpoints out of 1 requested are available matching your guardrail restrictions and data policy. We removed them for the following reason",""
qwen/qwen3-32b,default,0,DeepInfra,958,1007,1023,1631,2782,1846,46,0.0001606,accept_at_price,stay_neutral,True,True,"","Aye, I can do it. That'll be thirty-six farthings, and it'll be ready in six days."
qwen/qwen3-32b,default,1,DeepInfra,349,434,611,969,1719,1847,45,0.0001604,accept_at_price,stay_neutral,True,True,"","36 farthings, and it’ll be ready in six days. Iron doesn’t work itself, you know."
qwen/qwen3-32b,default,2,DeepInfra,275,465,637,975,1836,1850,43,0.0001600,accept_at_price,stay_neutral,True,True,"","Aye. Thirty-six farthings, six days. Pay half now, the rest when you take it."
qwen/qwen3-32b,default,3,DeepInfra,573,646,977,1311,2140,1847,45,0.0001604,accept_at_price,stay_neutral,True,True,"","Aye. Thirty-six farthings, six days. Pay half now, the rest when it's in your hand."
qwen/qwen3-32b,default,4,Tenstorrent,1106,1106,1324,1531,2083,1853,49,0.0002790,accept_at_price,stay_neutral,True,False,"","Aye, I'll make it. Thirty-six farthings, and it'll be ready in six days. Iron the coin when you bring the wood."
qwen/qwen3-32b,default,5,SiliconFlow,1286,1286,1425,1600,2093,1847,42,0.0002825,counter_step_1,stay_neutral,True,False,"","A plough share costs 42 farthings. Six days at the anvil, if the fire stays hot."
qwen/qwen3-32b,default,6,Tenstorrent,925,925,1154,1353,1762,1848,45,0.0002767,accept_at_price,stay_neutral,True,False,"","36 farthings, and it’ll be ready in six days. Bring the coin when you bring the wood. the handle."
qwen/qwen3-32b,default,7,DeepInfra,1036,1036,1394,1510,3254,1843,49,0.0001612,accept_at_price,stay_neutral,True,True,"","36 farthings, and it'll be ready in six days. Iron don't come cheap, but I'll see it done."
qwen/qwen3-32b,default,8,DeepInfra,368,463,651,1101,1819,1848,47,0.0001610,accept_at_price,stay_neutral,True,True,"","36 farthings, and I'll have it ready in six days. Iron doesn't wait, and neither do I."
qwen/qwen3-32b,default,9,DeepInfra,368,446,663,1121,2624,1842,44,0.0001597,accept_at_price,stay_neutral,True,True,"","Aye. Thirty-six farthings, and it'll be ready in six days. Iron doesn't work itself."
qwen/qwen3-32b,default,10,Tenstorrent,1560,1560,2668,4573,8469,1849,44,0.0002765,accept_at_price,stay_neutral,True,False,"","36 farthings, and it'll be ready in six days. Pay half now, the rest when you take it."
qwen/qwen3-32b,default,11,SiliconFlow,1195,1195,1260,1554,2086,1850,44,0.0002841,counter_step_1,warm_to_speaker,True,False,"","A plough share is no trinket. Forty-two farthings, and I’ll have it ready in six days."
qwen/qwen3-32b,default,12,DeepInfra,444,464,646,1223,1657,1850,40,0.0001592,accept_at_price,stay_neutral,True,True,"","Aye. That's the price of iron and my time. Be here in six days."
qwen/qwen3-32b,default,13,DeepInfra,989,1170,1353,1719,2720,1847,46,0.0001606,accept_at_price,stay_neutral,True,True,"","Aye, I can do it. That’ll be thirty-six farthings, and it’ll be ready in six days."
qwen/qwen3-32b,default,14,DeepInfra,491,904,1073,1440,3103,1850,50,0.0001620,accept_at_price,stay_neutral,True,True,"","Aye, I can have it done in six days. That’ll be thirty-six farthings. Bring the coin when you come for it."
qwen/qwen3-32b,default,15,DeepInfra,574,574,750,1127,1792,1844,44,0.0001598,accept_at_price,stay_neutral,True,True,"","36 farthings, and it'll be ready in six days. Iron doesn't come cheap, lad."
qwen/qwen3-32b,default,16,Tenstorrent,1430,1430,2578,4402,8457,1848,46,0.0002771,accept_at_price,stay_neutral,True,False,"","36 farthings, and it’ll be ready in six days. Iron doesn’t lie, lad. Pay when it’s done."
qwen/qwen3-32b,default,17,DeepInfra,355,451,644,1018,1666,1843,46,0.0001603,accept_at_price,stay_neutral,True,True,"","36 farthings, and it'll be ready in six days. Iron doesn't bend to the ground for free."
qwen/qwen3-32b,default,18,Tenstorrent,976,976,2116,3741,8293,1851,49,0.0002787,accept_at_price,stay_neutral,True,False,"","A plough share takes two days at the anvil. 36 farthings, and you’ll have it in six. Iron doesn’t wait."
qwen/qwen3-32b,default,19,SiliconFlow,1400,1400,1520,1904,2104,1845,41,0.0002817,accept_at_price,stay_neutral,True,False,"","36 farthings, and it'll be ready in six days. Bring the coin when you bring the wood."
qwen/qwen3-32b,latency,0,DeepInfra,300,455,784,1236,1824,1846,46,0.0001606,accept_at_price,stay_neutral,True,True,"","Aye, I can make it. That'll be thirty-six farthings, and it'll be ready in six days."
qwen/qwen3-32b,latency,1,DeepInfra,360,476,640,1190,1931,1847,45,0.0001604,accept_at_price,stay_neutral,True,True,"","36 farthings, and it'll be ready in six days. Iron doesn't grow on trees, lad."
qwen/qwen3-32b,latency,2,DeepInfra,313,399,572,1532,2244,1850,49,0.0001617,accept_at_price,stay_neutral,True,True,"","Aye. 36 farthings, and it'll be ready in six days. Iron don't wait for the ground to soften."
qwen/qwen3-32b,latency,3,DeepInfra,603,912,912,1082,1856,1847,51,0.0001620,accept_at_price,stay_neutral,True,True,"","Aye. That'll be thirty-six farthings, and it'll be ready in six days. Iron doesn't wait, and neither do I."
qwen/qwen3-32b,latency,4,DeepInfra,414,498,697,1625,1705,1850,40,0.0001592,accept_at_price,stay_neutral,True,True,"","36 farthings, paid in full. I’ll have it ready in six days."
qwen/qwen3-32b,latency,5,DeepInfra,442,442,774,908,1435,1844,43,0.0001596,accept_at_price,stay_neutral,True,True,"","36 farthings, and it'll be ready in six days. Iron's not free, lad."
qwen/qwen3-32b,latency,6,DeepInfra,450,461,666,1095,1749,1845,45,0.0001602,accept_at_price,stay_neutral,True,True,"","36 farthings, and it'll be done in six days. Iron doesn't bend for stone or time."
qwen/qwen3-32b,latency,7,DeepInfra,342,2121,2843,3231,4271,1843,48,0.0001609,accept_at_price,stay_neutral,True,True,"","36 farthings, and it'll be ready in six days. Iron's not cheap, but it'll last the season."
qwen/qwen3-32b,latency,8,DeepInfra,470,695,1025,1665,2608,1848,43,0.0001599,accept_at_price,stay_neutral,True,True,"","36 farthings and six days. Pay half now, the rest when it's in your hand."
qwen/qwen3-32b,latency,9,DeepInfra,556,707,882,1405,2240,1842,50,0.0001614,accept_at_price,stay_neutral,True,True,"","Aye. Thirty-six farthings, and it’ll be done in six days. Bring the coin when the work’s clear of the forge."
qwen/qwen3-32b,latency,10,DeepInfra,478,555,2145,2214,2817,1846,46,0.0001606,accept_at_price,stay_neutral,True,True,"","Aye, I can do it. That’ll be thirty-six farthings, and it’ll be ready in six days."
qwen/qwen3-32b,latency,11,DeepInfra,316,416,765,1174,1818,1847,47,0.0001609,accept_at_price,stay_neutral,True,True,"","36 farthings, and it'll be ready in six days. Iron's patient, but the ground won't wait."
qwen/qwen3-32b,latency,12,DeepInfra,476,575,772,1270,1838,1850,46,0.0001609,accept_at_price,stay_neutral,True,True,"","Aye. 36 farthings, and it’ll be ready in six days. Iron doesn’t bend for waiting."
qwen/qwen3-32b,latency,13,DeepInfra,368,462,636,1166,1660,1847,45,0.0001604,accept_at_price,stay_neutral,True,True,"","Aye. 36 farthings, and six days. Iron don't bend to stony ground for free."
qwen/qwen3-32b,latency,14,DeepInfra,351,447,641,1118,2476,1850,51,0.0001623,accept_at_price,stay_neutral,True,True,"","Aye. 36 farthings, and it'll be ready in six days. See it's paid when I set it on the table."
qwen/qwen3-32b,latency,15,DeepInfra,401,453,793,1099,1869,1844,47,0.0001607,accept_at_price,stay_neutral,True,True,"","36 farthings, and it'll be ready in six days. Iron don't come cheap, but it'll last."
qwen/qwen3-32b,latency,16,DeepInfra,345,437,614,1011,1796,1845,49,0.0001613,accept_at_price,stay_neutral,True,True,"","36 farthings, and it'll be done in six days. Pay half now, the rest when it's in your hand."
qwen/qwen3-32b,latency,17,DeepInfra,398,514,713,1108,1839,1843,47,0.0001606,accept_at_price,stay_neutral,True,True,"","36 farthings, and it'll be ready in six days. Lay it on the anvil when you're done."
qwen/qwen3-32b,latency,18,DeepInfra,409,466,642,992,1647,1848,45,0.0001604,accept_at_price,stay_neutral,True,True,"","36 farthings, and I’ll have it ready in six days. Iron don’t wait for the field."
qwen/qwen3-32b,latency,19,DeepInfra,3080,3388,3715,4125,4633,1842,44,0.0001597,accept_at_price,stay_neutral,True,True,"","Aye, I'll make you a share for thirty-six farthings. It'll be ready in six days."
