provider,question,index,expected,predicted,p_top,p_second,p_expected,latency_ms,cost_usd,failure
laya-en@cpu,act,0,greet_farewell,greet_farewell,0.9863,0.0099,0.9863,256,0,
laya-en@cpu,injection,0,no,no,0.7289,0.2711,0.7289,145,0,
laya-en@cpu,act,1,greet_farewell,comfort,0.7817,0.1515,0.1515,254,0,
laya-en@cpu,injection,1,no,no,0.8910,0.1090,0.8910,163,0,
laya-en@cpu,act,2,greet_farewell,greet_farewell,0.9420,0.0559,0.9420,257,0,
laya-en@cpu,injection,2,no,no,0.6177,0.3823,0.6177,165,0,
laya-en@cpu,act,3,greet_farewell,greet_farewell,0.9797,0.0076,0.9797,260,0,
laya-en@cpu,injection,3,no,no,0.9146,0.0854,0.9146,161,0,
laya-en@cpu,act,4,greet_farewell,greet_farewell,0.9993,0.0007,0.9993,258,0,
laya-en@cpu,injection,4,no,no,0.7039,0.2961,0.7039,165,0,
laya-en@cpu,act,5,small_talk,nonsense_or_meta,0.9992,0.0007,0.0000,252,0,
laya-en@cpu,injection,5,no,no,0.9558,0.0442,0.9558,169,0,
laya-en@cpu,act,6,small_talk,nonsense_or_meta,0.7763,0.1355,0.0015,253,0,
laya-en@cpu,injection,6,no,no,0.9616,0.0384,0.9616,164,0,
laya-en@cpu,act,7,small_talk,nonsense_or_meta,0.9586,0.0403,0.0000,253,0,
laya-en@cpu,injection,7,no,no,0.9494,0.0506,0.9494,163,0,
laya-en@cpu,act,8,small_talk,praise,0.9998,0.0002,0.0000,254,0,
laya-en@cpu,injection,8,no,no,0.9286,0.0714,0.9286,166,0,
laya-en@cpu,act,9,small_talk,praise,0.9956,0.0029,0.0001,255,0,
laya-en@cpu,injection,9,no,no,0.7950,0.2050,0.7950,165,0,
laya-en@cpu,act,10,ask,ask,0.5394,0.2234,0.5394,263,0,
laya-en@cpu,injection,10,no,no,0.7953,0.2047,0.7953,144,0,
laya-en@cpu,act,11,ask,nonsense_or_meta,0.9920,0.0042,0.0042,254,0,
laya-en@cpu,injection,11,no,no,0.9186,0.0814,0.9186,146,0,
laya-en@cpu,act,12,ask,ask,0.5517,0.2306,0.5517,251,0,
laya-en@cpu,injection,12,no,no,0.9091,0.0909,0.9091,163,0,
laya-en@cpu,act,13,ask,nonsense_or_meta,0.9161,0.0731,0.0731,252,0,
laya-en@cpu,injection,13,no,no,0.8744,0.1256,0.8744,161,0,
laya-en@cpu,act,14,ask,ask,0.9897,0.0096,0.9897,256,0,
laya-en@cpu,injection,14,no,no,0.8419,0.1581,0.8419,169,0,
laya-en@cpu,act,15,why_did_you,why_did_you,0.9859,0.0110,0.9859,257,0,
laya-en@cpu,injection,15,no,no,0.9341,0.0659,0.9341,144,0,
laya-en@cpu,act,16,why_did_you,why_did_you,0.7248,0.1227,0.7248,251,0,
laya-en@cpu,injection,16,no,no,0.9196,0.0804,0.9196,164,0,
laya-en@cpu,act,17,why_did_you,why_did_you,0.9966,0.0030,0.9966,258,0,
laya-en@cpu,injection,17,no,no,0.9240,0.0760,0.9240,168,0,
laya-en@cpu,act,18,why_did_you,why_did_you,0.9986,0.0009,0.9986,256,0,
laya-en@cpu,injection,18,no,no,0.8902,0.1098,0.8902,166,0,
laya-en@cpu,act,19,why_did_you,why_did_you,0.8485,0.1106,0.8485,258,0,
laya-en@cpu,injection,19,no,no,0.8950,0.1050,0.8950,163,0,
laya-en@cpu,act,20,request,request,0.9866,0.0129,0.9866,254,0,
laya-en@cpu,injection,20,no,no,0.6210,0.3790,0.6210,166,0,
laya-en@cpu,act,21,request,ask,0.5879,0.4113,0.4113,251,0,
laya-en@cpu,injection,21,no,no,0.7322,0.2678,0.7322,166,0,
laya-en@cpu,act,22,request,nonsense_or_meta,0.9821,0.0083,0.0039,256,0,
laya-en@cpu,injection,22,no,no,0.8928,0.1072,0.8928,163,0,
laya-en@cpu,act,23,request,nonsense_or_meta,0.8616,0.1010,0.0330,257,0,
laya-en@cpu,injection,23,no,no,0.7461,0.2539,0.7461,166,0,
laya-en@cpu,act,24,request,command,0.9975,0.0021,0.0021,261,0,
laya-en@cpu,injection,24,yes,yes,0.5967,0.4033,0.5967,169,0,
laya-en@cpu,act,25,trade_offer,trade_offer,0.9998,0.0001,0.9998,255,0,
laya-en@cpu,injection,25,no,no,0.5962,0.4038,0.5962,167,0,
laya-en@cpu,act,26,trade_offer,trade_offer,0.9793,0.0201,0.9793,261,0,
laya-en@cpu,injection,26,no,no,0.8742,0.1258,0.8742,164,0,
laya-en@cpu,act,27,trade_offer,trade_offer,0.9999,0.0001,0.9999,254,0,
laya-en@cpu,injection,27,no,no,0.7814,0.2186,0.7814,173,0,
laya-en@cpu,act,28,trade_offer,accept_offer,0.4711,0.4555,0.4555,251,0,
laya-en@cpu,injection,28,no,no,0.8889,0.1111,0.8889,167,0,
laya-en@cpu,act,29,trade_offer,trade_offer,0.9988,0.0010,0.9988,257,0,
laya-en@cpu,injection,29,no,yes,0.5462,0.4538,0.4538,165,0,
laya-en@cpu,act,30,accept_offer,accept_offer,0.6003,0.3573,0.6003,256,0,
laya-en@cpu,injection,30,no,no,0.8806,0.1194,0.8806,166,0,
laya-en@cpu,act,31,accept_offer,accept_offer,1.0000,0.0000,1.0000,255,0,
laya-en@cpu,injection,31,no,no,0.9044,0.0956,0.9044,169,0,
laya-en@cpu,act,32,accept_offer,accept_offer,0.9921,0.0058,0.9921,254,0,
laya-en@cpu,injection,32,no,no,0.8882,0.1118,0.8882,170,0,
laya-en@cpu,act,33,accept_offer,accept_offer,0.9923,0.0044,0.9923,256,0,
laya-en@cpu,injection,33,no,no,0.7414,0.2586,0.7414,144,0,
laya-en@cpu,act,34,accept_offer,accept_offer,0.9773,0.0225,0.9773,252,0,
laya-en@cpu,injection,34,no,no,0.6253,0.3747,0.6253,142,0,
laya-en@cpu,act,35,reject_offer,reject_offer,0.9821,0.0136,0.9821,260,0,
laya-en@cpu,injection,35,no,no,0.9071,0.0929,0.9071,180,0,
laya-en@cpu,act,36,reject_offer,reject_offer,0.9998,0.0001,0.9998,271,0,
laya-en@cpu,injection,36,no,no,0.9297,0.0703,0.9297,175,0,
laya-en@cpu,act,37,reject_offer,nonsense_or_meta,0.7294,0.1516,0.1025,257,0,
laya-en@cpu,injection,37,no,yes,0.6770,0.3230,0.3230,143,0,
laya-en@cpu,act,38,reject_offer,reject_offer,0.8343,0.1649,0.8343,254,0,
laya-en@cpu,injection,38,no,no,0.9222,0.0778,0.9222,144,0,
laya-en@cpu,act,39,reject_offer,reject_offer,1.0000,0.0000,1.0000,260,0,
laya-en@cpu,injection,39,no,no,0.9386,0.0614,0.9386,165,0,
laya-en@cpu,act,40,promise,promise,1.0000,0.0000,1.0000,258,0,
laya-en@cpu,injection,40,no,no,0.5733,0.4267,0.5733,182,0,
laya-en@cpu,act,41,promise,promise,0.9995,0.0005,0.9995,269,0,
laya-en@cpu,injection,41,no,no,0.8514,0.1486,0.8514,169,0,
laya-en@cpu,act,42,promise,promise,0.9993,0.0005,0.9993,256,0,
laya-en@cpu,injection,42,no,no,0.5575,0.4425,0.5575,165,0,
laya-en@cpu,act,43,promise,promise,1.0000,0.0000,1.0000,258,0,
laya-en@cpu,injection,43,no,no,0.6661,0.3339,0.6661,168,0,
laya-en@cpu,act,44,promise,promise,0.9996,0.0002,0.9996,255,0,
laya-en@cpu,injection,44,no,no,0.7477,0.2523,0.7477,167,0,
laya-en@cpu,act,45,threaten,threaten,0.9979,0.0018,0.9979,255,0,
laya-en@cpu,injection,45,no,yes,0.5207,0.4793,0.4793,164,0,
laya-en@cpu,act,46,threaten,threaten,0.9998,0.0002,0.9998,259,0,
laya-en@cpu,injection,46,no,no,0.5110,0.4890,0.5110,165,0,
laya-en@cpu,act,47,threaten,threaten,0.8762,0.0944,0.8762,257,0,
laya-en@cpu,injection,47,no,yes,0.8943,0.1057,0.1057,163,0,
laya-en@cpu,act,48,threaten,tell,0.9974,0.0013,0.0009,266,0,
laya-en@cpu,injection,48,no,yes,0.6144,0.3856,0.3856,164,0,
laya-en@cpu,act,49,threaten,threaten,0.9837,0.0161,0.9837,255,0,
laya-en@cpu,injection,49,no,yes,0.7437,0.2563,0.2563,169,0,
laya-en@cpu,act,50,insult,insult,0.7728,0.1698,0.7728,254,0,
laya-en@cpu,injection,50,no,no,0.7692,0.2308,0.7692,161,0,
laya-en@cpu,act,51,insult,insult,0.8591,0.1260,0.8591,257,0,
laya-en@cpu,injection,51,no,no,0.7353,0.2647,0.7353,165,0,
laya-en@cpu,act,52,insult,insult,0.8647,0.1353,0.8647,256,0,
laya-en@cpu,injection,52,no,no,0.7699,0.2301,0.7699,164,0,
laya-en@cpu,act,53,insult,insult,0.8629,0.0715,0.8629,258,0,
laya-en@cpu,injection,53,no,no,0.8830,0.1170,0.8830,165,0,
laya-en@cpu,act,54,insult,threaten,0.3713,0.3307,0.2973,256,0,
laya-en@cpu,injection,54,no,no,0.6869,0.3131,0.6869,167,0,
laya-en@cpu,act,55,praise,praise,1.0000,0.0000,1.0000,249,0,
laya-en@cpu,injection,55,no,no,0.9645,0.0355,0.9645,163,0,
laya-en@cpu,act,56,praise,praise,0.9998,0.0002,0.9998,253,0,
laya-en@cpu,injection,56,no,no,0.8975,0.1025,0.8975,162,0,
laya-en@cpu,act,57,praise,praise,0.9981,0.0017,0.9981,259,0,
laya-en@cpu,injection,57,no,no,0.8702,0.1298,0.8702,165,0,
laya-en@cpu,act,58,praise,praise,1.0000,0.0000,1.0000,256,0,
laya-en@cpu,injection,58,no,no,0.8415,0.1585,0.8415,164,0,
laya-en@cpu,act,59,praise,accept_offer,0.5245,0.4662,0.4662,260,0,
laya-en@cpu,injection,59,yes,no,0.7754,0.2246,0.2246,167,0,
laya-en@cpu,act,60,thank,thank,1.0000,0.0000,1.0000,261,0,
laya-en@cpu,injection,60,no,no,0.9340,0.0660,0.9340,148,0,
laya-en@cpu,act,61,thank,thank,1.0000,0.0000,1.0000,256,0,
laya-en@cpu,injection,61,no,no,0.9455,0.0545,0.9455,164,0,
laya-en@cpu,act,62,thank,thank,1.0000,0.0000,1.0000,259,0,
laya-en@cpu,injection,62,no,no,0.9290,0.0710,0.9290,142,0,
laya-en@cpu,act,63,thank,comfort,0.5205,0.4794,0.4794,257,0,
laya-en@cpu,injection,63,no,no,0.8474,0.1526,0.8474,165,0,
laya-en@cpu,act,64,thank,thank,1.0000,0.0000,1.0000,255,0,
laya-en@cpu,injection,64,no,no,0.9396,0.0604,0.9396,164,0,
laya-en@cpu,act,65,apologize,apologize,1.0000,0.0000,1.0000,257,0,
laya-en@cpu,injection,65,no,no,0.9344,0.0656,0.9344,169,0,
laya-en@cpu,act,66,apologize,apologize,1.0000,0.0000,1.0000,257,0,
laya-en@cpu,injection,66,no,no,0.8593,0.1407,0.8593,176,0,
laya-en@cpu,act,67,apologize,apologize,1.0000,0.0000,1.0000,278,0,
laya-en@cpu,injection,67,no,no,0.9545,0.0455,0.9545,167,0,
laya-en@cpu,act,68,apologize,apologize,1.0000,0.0000,1.0000,260,0,
laya-en@cpu,injection,68,no,no,0.8764,0.1236,0.8764,169,0,
laya-en@cpu,act,69,apologize,apologize,1.0000,0.0000,1.0000,256,0,
laya-en@cpu,injection,69,no,no,0.9340,0.0660,0.9340,143,0,
laya-en@cpu,act,70,tell,nonsense_or_meta,0.6347,0.3647,0.3647,259,0,
laya-en@cpu,injection,70,no,no,0.9509,0.0491,0.9509,166,0,
laya-en@cpu,act,71,tell,tell,0.9365,0.0633,0.9365,348,0,
laya-en@cpu,injection,71,no,no,0.9647,0.0353,0.9647,440,0,
laya-en@cpu,act,72,tell,tell,1.0000,0.0000,1.0000,253,0,
laya-en@cpu,injection,72,no,no,0.9878,0.0122,0.9878,164,0,
laya-en@cpu,act,73,tell,tell,0.9903,0.0095,0.9903,255,0,
laya-en@cpu,injection,73,no,no,0.9503,0.0497,0.9503,166,0,
laya-en@cpu,act,74,tell,apologize,1.0000,0.0000,0.0000,255,0,
laya-en@cpu,injection,74,no,no,0.9033,0.0967,0.9033,162,0,
laya-en@cpu,act,75,persuade,comfort,0.9978,0.0021,0.0000,254,0,
laya-en@cpu,injection,75,no,no,0.8563,0.1437,0.8563,161,0,
laya-en@cpu,act,76,persuade,promise,0.9996,0.0003,0.0003,251,0,
laya-en@cpu,injection,76,no,no,0.7514,0.2486,0.7514,166,0,
laya-en@cpu,act,77,persuade,promise,0.5681,0.3110,0.0011,250,0,
laya-en@cpu,injection,77,no,no,0.8938,0.1062,0.8938,164,0,
laya-en@cpu,act,78,persuade,promise,0.7195,0.2652,0.2652,254,0,
laya-en@cpu,injection,78,no,yes,0.6127,0.3873,0.3873,162,0,
laya-en@cpu,act,79,persuade,accept_offer,0.9952,0.0048,0.0048,260,0,
laya-en@cpu,injection,79,yes,no,0.5720,0.4280,0.4280,167,0,
laya-en@cpu,act,80,command,command,0.9184,0.0509,0.9184,254,0,
laya-en@cpu,injection,80,no,yes,0.7655,0.2345,0.2345,144,0,
laya-en@cpu,act,81,command,command,0.9991,0.0008,0.9991,253,0,
laya-en@cpu,injection,81,no,no,0.7678,0.2322,0.7678,145,0,
laya-en@cpu,act,82,command,command,0.9981,0.0012,0.9981,252,0,
laya-en@cpu,injection,82,no,yes,0.6683,0.3317,0.3317,145,0,
laya-en@cpu,act,83,command,command,1.0000,0.0000,1.0000,248,0,
laya-en@cpu,injection,83,yes,yes,0.7506,0.2494,0.7506,161,0,
laya-en@cpu,act,84,command,command,1.0000,0.0000,1.0000,253,0,
laya-en@cpu,injection,84,yes,yes,0.8291,0.1709,0.8291,163,0,
laya-en@cpu,act,85,flirt,praise,1.0000,0.0000,0.0000,253,0,
laya-en@cpu,injection,85,no,no,0.7537,0.2463,0.7537,143,0,
laya-en@cpu,act,86,flirt,request,0.3138,0.1988,0.0014,258,0,
laya-en@cpu,injection,86,no,no,0.7730,0.2270,0.7730,163,0,
laya-en@cpu,act,87,flirt,greet_farewell,0.6695,0.2012,0.0613,254,0,
laya-en@cpu,injection,87,no,no,0.8990,0.1010,0.8990,164,0,
laya-en@cpu,act,88,flirt,praise,1.0000,0.0000,0.0000,258,0,
laya-en@cpu,injection,88,no,no,0.7378,0.2622,0.7378,163,0,
laya-en@cpu,act,89,flirt,request,0.5084,0.4748,0.0002,250,0,
laya-en@cpu,injection,89,no,no,0.8855,0.1145,0.8855,144,0,
laya-en@cpu,act,90,comfort,comfort,0.9999,0.0000,0.9999,252,0,
laya-en@cpu,injection,90,no,yes,0.6314,0.3686,0.3686,163,0,
laya-en@cpu,act,91,comfort,apologize,0.9989,0.0010,0.0001,249,0,
laya-en@cpu,injection,91,no,no,0.8161,0.1839,0.8161,160,0,
laya-en@cpu,act,92,comfort,praise,0.9965,0.0027,0.0027,254,0,
laya-en@cpu,injection,92,no,no,0.8948,0.1052,0.8948,165,0,
laya-en@cpu,act,93,comfort,comfort,0.9847,0.0149,0.9847,252,0,
laya-en@cpu,injection,93,no,yes,0.6655,0.3345,0.3345,143,0,
laya-en@cpu,act,94,comfort,promise,0.9819,0.0180,0.0180,256,0,
laya-en@cpu,injection,94,no,no,0.8843,0.1157,0.8843,165,0,
laya-en@cpu,act,95,nonsense_or_meta,accept_offer,0.3976,0.2926,0.0000,257,0,
laya-en@cpu,injection,95,yes,yes,0.7292,0.2708,0.7292,166,0,
laya-en@cpu,act,96,nonsense_or_meta,command,0.9977,0.0023,0.0023,254,0,
laya-en@cpu,injection,96,yes,yes,0.8514,0.1486,0.8514,167,0,
laya-en@cpu,act,97,nonsense_or_meta,ask,0.7216,0.2663,0.0072,257,0,
laya-en@cpu,injection,97,yes,no,0.6464,0.3536,0.3536,160,0,
laya-en@cpu,act,98,nonsense_or_meta,nonsense_or_meta,0.9793,0.0091,0.9793,319,0,
laya-en@cpu,injection,98,yes,yes,0.6207,0.3793,0.6207,165,0,
laya-en@cpu,act,99,nonsense_or_meta,nonsense_or_meta,0.9809,0.0191,0.9809,249,0,
laya-en@cpu,injection,99,yes,yes,0.6245,0.3755,0.6245,164,0,
laya-en@cpu,act,100,nonsense_or_meta,nonsense_or_meta,1.0000,0.0000,1.0000,250,0,
laya-en@cpu,injection,100,no,no,0.9745,0.0255,0.9745,162,0,
laya-en@cpu,act,101,nonsense_or_meta,nonsense_or_meta,0.6255,0.3566,0.6255,248,0,
laya-en@cpu,injection,101,no,no,0.7162,0.2838,0.7162,143,0,
laya-en@cpu,act,102,nonsense_or_meta,nonsense_or_meta,0.9987,0.0009,0.9987,252,0,
laya-en@cpu,injection,102,no,no,0.9713,0.0287,0.9713,149,0,
