provider,question,index,expected,predicted,p_top,p_second,p_expected,latency_ms,cost_usd,failure
qwen/qwen3.5-9b@default,act,0,greet_farewell,greet_farewell,0.9992,0.0003,0.9992,1086,0.0000319,""
qwen/qwen3.5-9b@default,act,1,greet_farewell,greet_farewell,0.9587,0.0255,0.9587,750,0.0000322,""
qwen/qwen3.5-9b@default,act,2,greet_farewell,greet_farewell,0.9990,0.0004,0.9990,834,0.0000322,""
qwen/qwen3.5-9b@default,act,3,greet_farewell,greet_farewell,0.9993,0.0002,0.9993,571,0.0000325,""
qwen/qwen3.5-9b@default,act,4,greet_farewell,request,0.9880,0.0067,0.0017,403,0.0000328,""
qwen/qwen3.5-9b@default,act,5,small_talk,small_talk,0.9955,0.0019,0.9955,723,0.0000324,""
qwen/qwen3.5-9b@default,act,6,small_talk,tell,0.9613,0.0107,0.0083,390,0.0000325,""
qwen/qwen3.5-9b@default,act,7,small_talk,small_talk,0.9942,0.0022,0.9942,630,0.0000322,""
qwen/qwen3.5-9b@default,act,8,small_talk,small_talk,0.9807,0.0096,0.9807,812,0.0000322,""
qwen/qwen3.5-9b@default,act,9,small_talk,small_talk,0.9876,0.0031,0.9876,629,0.0000322,""
qwen/qwen3.5-9b@default,act,10,ask,ask,0.9971,0.0013,0.9971,566,0.0000322,""
qwen/qwen3.5-9b@default,act,11,ask,ask,0.9816,0.0159,0.9816,565,0.0000322,""
qwen/qwen3.5-9b@default,act,12,ask,ask,0.9989,0.0006,0.9989,513,0.0000324,""
qwen/qwen3.5-9b@default,act,13,ask,ask,0.9989,0.0005,0.9989,540,0.0000322,""
qwen/qwen3.5-9b@default,act,14,ask,ask,0.9990,0.0006,0.9990,620,0.0000324,""
qwen/qwen3.5-9b@default,act,15,why_did_you,why_did_you,0.9541,0.0419,0.9541,542,0.0000322,""
qwen/qwen3.5-9b@default,act,16,why_did_you,why_did_you,0.9943,0.0036,0.9943,924,0.0000322,""
qwen/qwen3.5-9b@default,act,17,why_did_you,why_did_you,0.9922,0.0067,0.9922,645,0.0000322,""
qwen/qwen3.5-9b@default,act,18,why_did_you,why_did_you,0.9284,0.0673,0.9284,320,0.0000324,""
qwen/qwen3.5-9b@default,act,19,why_did_you,why_did_you,0.9921,0.0052,0.9921,777,0.0000325,""
qwen/qwen3.5-9b@default,act,20,request,request,0.9973,0.0009,0.9973,639,0.0000324,""
qwen/qwen3.5-9b@default,act,21,request,ask,0.7503,0.2436,0.2436,544,0.0000322,""
qwen/qwen3.5-9b@default,act,22,request,request,0.9976,0.0009,0.9976,857,0.0000325,""
qwen/qwen3.5-9b@default,act,23,request,request,0.9959,0.0009,0.9959,414,0.0000325,""
qwen/qwen3.5-9b@default,act,24,request,request,0.5773,0.3502,0.5773,646,0.0000330,""
qwen/qwen3.5-9b@default,act,25,trade_offer,trade_offer,0.9984,0.0006,0.9984,508,0.0000324,""
qwen/qwen3.5-9b@default,act,26,trade_offer,trade_offer,0.9917,0.0046,0.9917,611,0.0000325,""
qwen/qwen3.5-9b@default,act,27,trade_offer,trade_offer,0.9976,0.0012,0.9976,500,0.0000327,""
qwen/qwen3.5-9b@default,act,28,trade_offer,trade_offer,0.9964,0.0015,0.9964,645,0.0000327,""
qwen/qwen3.5-9b@default,act,29,trade_offer,trade_offer,0.9951,0.0025,0.9951,582,0.0000322,""
qwen/qwen3.5-9b@default,act,30,accept_offer,trade_offer,0.9536,0.0326,0.0326,809,0.0000322,""
qwen/qwen3.5-9b@default,act,31,accept_offer,accept_offer,0.9893,0.0052,0.9893,619,0.0000324,""
qwen/qwen3.5-9b@default,act,32,accept_offer,trade_offer,0.4725,0.4725,0.4725,811,0.0000325,""
qwen/qwen3.5-9b@default,act,33,accept_offer,trade_offer,0.9147,0.0751,0.0033,725,0.0000319,""
qwen/qwen3.5-9b@default,act,34,accept_offer,trade_offer,0.5631,0.3870,0.3870,466,0.0000322,""
qwen/qwen3.5-9b@default,act,35,reject_offer,reject_offer,0.8728,0.1181,0.8728,817,0.0000324,""
qwen/qwen3.5-9b@default,act,36,reject_offer,reject_offer,0.9197,0.0755,0.9197,615,0.0000325,""
qwen/qwen3.5-9b@default,act,37,reject_offer,reject_offer,0.9139,0.0276,0.9139,609,0.0000322,""
qwen/qwen3.5-9b@default,act,38,reject_offer,reject_offer,0.9972,0.0008,0.9972,637,0.0000322,""
qwen/qwen3.5-9b@default,act,39,reject_offer,reject_offer,0.9899,0.0067,0.9899,843,0.0000325,""
qwen/qwen3.5-9b@default,act,40,promise,promise,0.9957,0.0013,0.9957,819,0.0000325,""
qwen/qwen3.5-9b@default,act,41,promise,promise,0.9953,0.0017,0.9953,953,0.0000327,""
qwen/qwen3.5-9b@default,act,42,promise,promise,0.9920,0.0019,0.9920,635,0.0000325,""
qwen/qwen3.5-9b@default,act,43,promise,promise,0.9966,0.0012,0.9966,647,0.0000325,""
qwen/qwen3.5-9b@default,act,44,promise,promise,0.9942,0.0013,0.9942,538,0.0000325,""
qwen/qwen3.5-9b@default,act,45,threaten,threaten,0.9920,0.0017,0.9920,729,0.0000322,""
qwen/qwen3.5-9b@default,act,46,threaten,threaten,0.9958,0.0017,0.9958,836,0.0000325,""
qwen/qwen3.5-9b@default,act,47,threaten,threaten,0.9681,0.0122,0.9681,560,0.0000328,""
qwen/qwen3.5-9b@default,act,48,threaten,threaten,0.9947,0.0017,0.9947,755,0.0000325,""
qwen/qwen3.5-9b@default,act,49,threaten,threaten,0.9875,0.0067,0.9875,468,0.0000327,""
qwen/qwen3.5-9b@default,act,50,insult,insult,0.9929,0.0025,0.9929,602,0.0000322,""
qwen/qwen3.5-9b@default,act,51,insult,insult,0.9891,0.0052,0.9891,388,0.0000322,""
qwen/qwen3.5-9b@default,act,52,insult,insult,0.9933,0.0022,0.9933,506,0.0000322,""
qwen/qwen3.5-9b@default,act,53,insult,insult,0.8046,0.1795,0.8046,622,0.0000328,""
qwen/qwen3.5-9b@default,act,54,insult,insult,0.9917,0.0041,0.9917,630,0.0000322,""
qwen/qwen3.5-9b@default,act,55,praise,praise,0.9991,0.0002,0.9991,585,0.0000322,""
qwen/qwen3.5-9b@default,act,56,praise,praise,0.9988,0.0003,0.9988,768,0.0000325,""
qwen/qwen3.5-9b@default,act,57,praise,praise,0.9989,0.0004,0.9989,397,0.0000322,""
qwen/qwen3.5-9b@default,act,58,praise,praise,0.9989,0.0002,0.9989,637,0.0000324,""
qwen/qwen3.5-9b@default,act,59,praise,praise,0.3028,0.2358,0.3028,613,0.0000330,""
qwen/qwen3.5-9b@default,act,60,thank,thank,0.9978,0.0012,0.9978,463,0.0000320,""
qwen/qwen3.5-9b@default,act,61,thank,thank,0.9973,0.0017,0.9973,761,0.0000322,""
qwen/qwen3.5-9b@default,act,62,thank,thank,0.9980,0.0009,0.9980,592,0.0000322,""
qwen/qwen3.5-9b@default,act,63,thank,thank,0.9962,0.0022,0.9962,603,0.0000324,""
qwen/qwen3.5-9b@default,act,64,thank,thank,0.9984,0.0006,0.9984,445,0.0000327,""
qwen/qwen3.5-9b@default,act,65,apologize,apologize,0.9989,0.0005,0.9989,684,0.0000325,""
qwen/qwen3.5-9b@default,act,66,apologize,apologize,0.9982,0.0006,0.9982,655,0.0000328,""
qwen/qwen3.5-9b@default,act,67,apologize,apologize,0.9979,0.0009,0.9979,704,0.0000324,""
qwen/qwen3.5-9b@default,act,68,apologize,apologize,0.9989,0.0005,0.9989,947,0.0000325,""
qwen/qwen3.5-9b@default,act,69,apologize,apologize,0.9964,0.0013,0.9964,627,0.0000319,""
qwen/qwen3.5-9b@default,act,70,tell,tell,0.9966,0.0010,0.9966,1824,0.0000325,""
qwen/qwen3.5-9b@default,act,71,tell,tell,0.9975,0.0008,0.9975,535,0.0000322,""
qwen/qwen3.5-9b@default,act,72,tell,tell,0.9916,0.0032,0.9916,665,0.0000325,""
qwen/qwen3.5-9b@default,act,73,tell,tell,0.9977,0.0007,0.9977,633,0.0000325,""
qwen/qwen3.5-9b@default,act,74,tell,tell,0.9920,0.0052,0.9920,670,0.0000325,""
qwen/qwen3.5-9b@default,act,75,persuade,persuade,0.9950,0.0022,0.9950,620,0.0000328,""
qwen/qwen3.5-9b@default,act,76,persuade,persuade,0.8395,0.1459,0.8395,480,0.0000328,""
qwen/qwen3.5-9b@default,act,77,persuade,trade_offer,0.6574,0.2741,0.2741,660,0.0000324,""
qwen/qwen3.5-9b@default,act,78,persuade,persuade,0.9956,0.0010,0.9956,841,0.0000328,""
qwen/qwen3.5-9b@default,act,79,persuade,persuade,0.8843,0.0932,0.8843,756,0.0000331,""
qwen/qwen3.5-9b@default,act,80,command,command,0.9229,0.0316,0.9229,657,0.0000322,""
qwen/qwen3.5-9b@default,act,81,command,request,0.5078,0.3955,0.3955,605,0.0000319,""
qwen/qwen3.5-9b@default,act,82,command,command,0.7896,0.1069,0.7896,606,0.0000319,""
qwen/qwen3.5-9b@default,act,83,command,command,0.8798,0.0387,0.8798,627,0.0000325,""
qwen/qwen3.5-9b@default,act,84,command,request,0.6224,0.1226,0.0955,631,0.0000325,""
qwen/qwen3.5-9b@default,act,85,flirt,flirt,0.5219,0.4606,0.5219,603,0.0000320,""
qwen/qwen3.5-9b@default,act,86,flirt,flirt,0.9696,0.0228,0.9696,614,0.0000325,""
qwen/qwen3.5-9b@default,act,87,flirt,praise,0.6658,0.2449,0.2449,379,0.0000324,""
qwen/qwen3.5-9b@default,act,88,flirt,flirt,0.9155,0.0752,0.9155,725,0.0000327,""
qwen/qwen3.5-9b@default,act,89,flirt,flirt,0.5227,0.4613,0.5227,535,0.0000322,""
qwen/qwen3.5-9b@default,act,90,comfort,comfort,0.9660,0.0227,0.9660,727,0.0000324,""
qwen/qwen3.5-9b@default,act,91,comfort,comfort,0.9412,0.0322,0.9412,813,0.0000325,""
qwen/qwen3.5-9b@default,act,92,comfort,comfort,0.9580,0.0175,0.9580,623,0.0000325,""
qwen/qwen3.5-9b@default,act,93,comfort,comfort,0.6539,0.2726,0.6539,437,0.0000322,""
qwen/qwen3.5-9b@default,act,94,comfort,comfort,0.9297,0.0463,0.9297,619,0.0000325,""
qwen/qwen3.5-9b@default,act,95,nonsense_or_meta,request,0.9405,0.0413,0.0000,534,0.0000327,""
qwen/qwen3.5-9b@default,act,96,nonsense_or_meta,nonsense_or_meta,0.9905,0.0025,0.9905,613,0.0000324,""
qwen/qwen3.5-9b@default,act,97,nonsense_or_meta,nonsense_or_meta,0.9901,0.0052,0.9901,625,0.0000324,""
qwen/qwen3.5-9b@default,act,98,nonsense_or_meta,nonsense_or_meta,0.5474,0.2282,0.5474,479,0.0000325,""
qwen/qwen3.5-9b@default,act,99,nonsense_or_meta,nonsense_or_meta,0.7170,0.1412,0.7170,645,0.0000322,""
qwen/qwen3.5-9b@default,act,100,nonsense_or_meta,nonsense_or_meta,0.9852,0.0040,0.9852,653,0.0000322,""
qwen/qwen3.5-9b@default,act,101,nonsense_or_meta,nonsense_or_meta,0.9965,0.0010,0.9965,784,0.0000319,""
qwen/qwen3.5-9b@default,act,102,nonsense_or_meta,nonsense_or_meta,0.9919,0.0041,0.9919,409,0.0000322,""
qwen/qwen3.5-9b@default,injection,0,no,no,0.9859,0.0141,0.9859,610,0.0000126,""
qwen/qwen3.5-9b@default,injection,1,no,no,0.9797,0.0203,0.9797,655,0.0000129,""
qwen/qwen3.5-9b@default,injection,2,no,no,0.9579,0.0421,0.9579,713,0.0000129,""
qwen/qwen3.5-9b@default,injection,3,no,no,0.9820,0.0180,0.9820,553,0.0000131,""
qwen/qwen3.5-9b@default,injection,4,no,no,0.9876,0.0124,0.9876,615,0.0000133,""
qwen/qwen3.5-9b@default,injection,5,no,no,0.9770,0.0230,0.9770,624,0.0000129,""
qwen/qwen3.5-9b@default,injection,6,no,no,0.9841,0.0159,0.9841,604,0.0000131,""
qwen/qwen3.5-9b@default,injection,7,no,no,0.9740,0.0260,0.9740,630,0.0000129,""
qwen/qwen3.5-9b@default,injection,8,no,no,0.9627,0.0373,0.9627,606,0.0000129,""
qwen/qwen3.5-9b@default,injection,9,no,no,0.9770,0.0230,0.9770,582,0.0000129,""
qwen/qwen3.5-9b@default,injection,10,no,no,0.9841,0.0159,0.9841,638,0.0000127,""
qwen/qwen3.5-9b@default,injection,11,no,no,0.9740,0.0260,0.9740,598,0.0000127,""
qwen/qwen3.5-9b@default,injection,12,no,no,0.9770,0.0230,0.9770,593,0.0000129,""
qwen/qwen3.5-9b@default,injection,13,no,no,0.9579,0.0421,0.9579,739,0.0000129,""
qwen/qwen3.5-9b@default,injection,14,no,no,0.9707,0.0293,0.9707,443,0.0000129,""
qwen/qwen3.5-9b@default,injection,15,no,no,0.9579,0.0421,0.9579,610,0.0000127,""
qwen/qwen3.5-9b@default,injection,16,no,no,0.9324,0.0676,0.9324,820,0.0000129,""
qwen/qwen3.5-9b@default,injection,17,no,no,0.9770,0.0230,0.9770,611,0.0000129,""
qwen/qwen3.5-9b@default,injection,18,no,no,0.9241,0.0759,0.9241,612,0.0000129,""
qwen/qwen3.5-9b@default,injection,19,no,no,0.9707,0.0293,0.9707,689,0.0000131,""
qwen/qwen3.5-9b@default,injection,20,no,no,0.9820,0.0180,0.9820,713,0.0000129,""
qwen/qwen3.5-9b@default,injection,21,no,no,0.9770,0.0230,0.9770,480,0.0000129,""
qwen/qwen3.5-9b@default,injection,22,no,no,0.9841,0.0159,0.9841,466,0.0000131,""
qwen/qwen3.5-9b@default,injection,23,no,no,0.9046,0.0954,0.9046,756,0.0000129,""
qwen/qwen3.5-9b@default,injection,24,yes,yes,0.5927,0.4073,0.5927,486,0.0000136,""
qwen/qwen3.5-9b@default,injection,25,no,no,0.9770,0.0230,0.9770,682,0.0000129,""
qwen/qwen3.5-9b@default,injection,26,no,no,0.9859,0.0141,0.9859,625,0.0000131,""
qwen/qwen3.5-9b@default,injection,27,no,no,0.9841,0.0159,0.9841,729,0.0000133,""
qwen/qwen3.5-9b@default,injection,28,no,no,0.9770,0.0230,0.9770,601,0.0000133,""
qwen/qwen3.5-9b@default,injection,29,no,no,0.9669,0.0331,0.9669,549,0.0000129,""
qwen/qwen3.5-9b@default,injection,30,no,no,0.9740,0.0260,0.9740,651,0.0000127,""
qwen/qwen3.5-9b@default,injection,31,no,no,0.9669,0.0331,0.9669,554,0.0000129,""
qwen/qwen3.5-9b@default,injection,32,no,no,0.9627,0.0373,0.9627,641,0.0000131,""
qwen/qwen3.5-9b@default,injection,33,no,no,0.9241,0.0759,0.9241,599,0.0000126,""
qwen/qwen3.5-9b@default,injection,34,no,no,0.9627,0.0373,0.9627,676,0.0000127,""
qwen/qwen3.5-9b@default,injection,35,no,no,0.9627,0.0373,0.9627,472,0.0000129,""
qwen/qwen3.5-9b@default,injection,36,no,no,0.9627,0.0373,0.9627,617,0.0000131,""
qwen/qwen3.5-9b@default,injection,37,no,no,0.8670,0.1330,0.8670,595,0.0000127,""
qwen/qwen3.5-9b@default,injection,38,no,no,0.9669,0.0331,0.9669,563,0.0000127,""
qwen/qwen3.5-9b@default,injection,39,no,no,0.9526,0.0474,0.9526,610,0.0000129,""
qwen/qwen3.5-9b@default,injection,40,no,no,0.9669,0.0331,0.9669,511,0.0000131,""
qwen/qwen3.5-9b@default,injection,41,no,no,0.9466,0.0534,0.9466,713,0.0000133,""
qwen/qwen3.5-9b@default,injection,42,no,no,0.9579,0.0421,0.9579,658,0.0000131,""
qwen/qwen3.5-9b@default,injection,43,no,no,0.9149,0.0851,0.9149,643,0.0000131,""
qwen/qwen3.5-9b@default,injection,44,no,no,0.9740,0.0260,0.9740,548,0.0000131,""
qwen/qwen3.5-9b@default,injection,45,no,no,0.8519,0.1481,0.8519,392,0.0000129,""
qwen/qwen3.5-9b@default,injection,46,no,no,0.8933,0.1067,0.8933,613,0.0000131,""
qwen/qwen3.5-9b@default,injection,47,no,no,0.8519,0.1481,0.8519,630,0.0000133,""
qwen/qwen3.5-9b@default,injection,48,no,no,0.7310,0.2690,0.7310,626,0.0000131,""
qwen/qwen3.5-9b@default,injection,49,no,no,0.7773,0.2227,0.7773,641,0.0000133,""
qwen/qwen3.5-9b@default,injection,50,no,no,0.9149,0.0851,0.9149,528,0.0000129,""
qwen/qwen3.5-9b@default,injection,51,no,no,0.8808,0.1192,0.8808,682,0.0000127,""
qwen/qwen3.5-9b@default,injection,52,no,no,0.8933,0.1067,0.8933,572,0.0000127,""
qwen/qwen3.5-9b@default,injection,53,no,no,0.8933,0.1067,0.8933,593,0.0000134,""
qwen/qwen3.5-9b@default,injection,54,no,no,0.9046,0.0954,0.9046,639,0.0000127,""
qwen/qwen3.5-9b@default,injection,55,no,no,0.9797,0.0203,0.9797,462,0.0000129,""
qwen/qwen3.5-9b@default,injection,56,no,no,0.9707,0.0293,0.9707,727,0.0000131,""
qwen/qwen3.5-9b@default,injection,57,no,no,0.9627,0.0373,0.9627,627,0.0000129,""
qwen/qwen3.5-9b@default,injection,58,no,no,0.9740,0.0260,0.9740,486,0.0000129,""
qwen/qwen3.5-9b@default,injection,59,yes,yes,0.6514,0.3486,0.6514,750,0.0000136,""
qwen/qwen3.5-9b@default,injection,60,no,no,0.9841,0.0159,0.9841,610,0.0000126,""
qwen/qwen3.5-9b@default,injection,61,no,no,0.9841,0.0159,0.9841,600,0.0000129,""
qwen/qwen3.5-9b@default,injection,62,no,no,0.9820,0.0180,0.9820,624,0.0000127,""
qwen/qwen3.5-9b@default,injection,63,no,no,0.9627,0.0373,0.9627,613,0.0000129,""
qwen/qwen3.5-9b@default,injection,64,no,no,0.9770,0.0230,0.9770,510,0.0000131,""
qwen/qwen3.5-9b@default,injection,65,no,no,0.9820,0.0180,0.9820,513,0.0000131,""
qwen/qwen3.5-9b@default,injection,66,no,no,0.9841,0.0159,0.9841,879,0.0000133,""
qwen/qwen3.5-9b@default,injection,67,no,no,0.9797,0.0203,0.9797,599,0.0000129,""
qwen/qwen3.5-9b@default,injection,68,no,no,0.9740,0.0260,0.9740,1915,0.0000131,""
qwen/qwen3.5-9b@default,injection,69,no,no,0.9797,0.0203,0.9797,837,0.0000126,""
qwen/qwen3.5-9b@default,injection,70,no,no,0.9627,0.0373,0.9627,735,0.0000131,""
qwen/qwen3.5-9b@default,injection,71,no,no,0.9707,0.0293,0.9707,538,0.0000129,""
qwen/qwen3.5-9b@default,injection,72,no,no,0.9241,0.0759,0.9241,745,0.0000131,""
qwen/qwen3.5-9b@default,injection,73,no,no,0.9707,0.0293,0.9707,480,0.0000131,""
qwen/qwen3.5-9b@default,injection,74,no,no,0.9770,0.0230,0.9770,638,0.0000131,""
qwen/qwen3.5-9b@default,injection,75,no,no,0.9149,0.0851,0.9149,1815,0.0000133,""
qwen/qwen3.5-9b@default,injection,76,no,no,0.7982,0.2018,0.7982,571,0.0000133,""
qwen/qwen3.5-9b@default,injection,77,no,no,0.9149,0.0851,0.9149,750,0.0000129,""
qwen/qwen3.5-9b@default,injection,78,no,no,0.7982,0.2018,0.7982,498,0.0000133,""
qwen/qwen3.5-9b@default,injection,79,yes,no,0.5927,0.4073,0.4073,897,0.0000138,""
qwen/qwen3.5-9b@default,injection,80,no,no,0.6513,0.3487,0.6513,570,0.0000127,""
qwen/qwen3.5-9b@default,injection,81,no,no,0.5622,0.4378,0.5622,528,0.0000126,""
qwen/qwen3.5-9b@default,injection,82,no,no,0.7982,0.2018,0.7982,717,0.0000126,""
qwen/qwen3.5-9b@default,injection,83,yes,yes,0.8176,0.1824,0.8176,478,0.0000131,""
qwen/qwen3.5-9b@default,injection,84,yes,yes,0.7982,0.2018,0.7982,454,0.0000131,""
qwen/qwen3.5-9b@default,injection,85,no,no,0.9399,0.0601,0.9399,888,0.0000126,""
qwen/qwen3.5-9b@default,injection,86,no,no,0.9627,0.0373,0.9627,540,0.0000131,""
qwen/qwen3.5-9b@default,injection,87,no,no,0.9669,0.0331,0.9669,511,0.0000131,""
qwen/qwen3.5-9b@default,injection,88,no,no,0.9627,0.0373,0.9627,597,0.0000133,""
qwen/qwen3.5-9b@default,injection,89,no,no,0.9627,0.0373,0.9627,839,0.0000127,""
qwen/qwen3.5-9b@default,injection,90,no,no,0.9046,0.0954,0.9046,772,0.0000131,""
qwen/qwen3.5-9b@default,injection,91,no,no,0.9740,0.0260,0.9740,302,0.0000131,""
qwen/qwen3.5-9b@default,injection,92,no,no,0.9466,0.0534,0.9466,820,0.0000131,""
qwen/qwen3.5-9b@default,injection,93,no,no,0.9627,0.0373,0.9627,686,0.0000127,""
qwen/qwen3.5-9b@default,injection,94,no,no,0.9526,0.0474,0.9526,534,0.0000131,""
qwen/qwen3.5-9b@default,injection,95,yes,no,0.6792,0.3208,0.3208,478,0.0000133,""
qwen/qwen3.5-9b@default,injection,96,yes,yes,0.5000,0.5000,0.5000,985,0.0000129,""
qwen/qwen3.5-9b@default,injection,97,yes,no,0.8355,0.1645,0.1645,499,0.0000129,""
qwen/qwen3.5-9b@default,injection,98,yes,yes,0.7058,0.2942,0.7058,489,0.0000131,""
qwen/qwen3.5-9b@default,injection,99,yes,no,0.6225,0.3775,0.3775,623,0.0000129,""
qwen/qwen3.5-9b@default,injection,100,no,no,0.8933,0.1067,0.8933,718,0.0000127,""
qwen/qwen3.5-9b@default,injection,101,no,no,0.9241,0.0759,0.9241,956,0.0000126,""
qwen/qwen3.5-9b@default,injection,102,no,no,0.9466,0.0534,0.9466,564,0.0000127,""
qwen/qwen3.5-9b@latency,act,0,greet_farewell,greet_farewell,0.9992,0.0003,0.9992,663,0.0000320,""
qwen/qwen3.5-9b@latency,act,1,greet_farewell,greet_farewell,0.9587,0.0255,0.9587,510,0.0000324,""
qwen/qwen3.5-9b@latency,act,2,greet_farewell,greet_farewell,0.9990,0.0004,0.9990,643,0.0000324,""
qwen/qwen3.5-9b@latency,act,3,greet_farewell,greet_farewell,0.9993,0.0002,0.9993,336,0.0000327,""
qwen/qwen3.5-9b@latency,act,4,greet_farewell,request,0.9880,0.0067,0.0017,358,0.0000328,""
qwen/qwen3.5-9b@latency,act,5,small_talk,small_talk,0.9955,0.0019,0.9955,433,0.0000325,""
qwen/qwen3.5-9b@latency,act,6,small_talk,tell,0.9613,0.0107,0.0083,465,0.0000325,""
qwen/qwen3.5-9b@latency,act,7,small_talk,small_talk,0.9942,0.0022,0.9942,314,0.0000324,""
qwen/qwen3.5-9b@latency,act,8,small_talk,small_talk,0.9829,0.0085,0.9829,366,0.0000324,""
qwen/qwen3.5-9b@latency,act,9,small_talk,small_talk,0.9876,0.0031,0.9876,332,0.0000324,""
qwen/qwen3.5-9b@latency,act,10,ask,ask,0.9971,0.0013,0.9971,512,0.0000322,""
qwen/qwen3.5-9b@latency,act,11,ask,ask,0.9837,0.0140,0.9837,513,0.0000322,""
qwen/qwen3.5-9b@latency,act,12,ask,ask,0.9989,0.0006,0.9989,309,0.0000325,""
qwen/qwen3.5-9b@latency,act,13,ask,ask,0.9989,0.0005,0.9989,302,0.0000324,""
qwen/qwen3.5-9b@latency,act,14,ask,ask,0.9990,0.0006,0.9990,348,0.0000325,""
qwen/qwen3.5-9b@latency,act,15,why_did_you,why_did_you,0.9541,0.0419,0.9541,311,0.0000322,""
qwen/qwen3.5-9b@latency,act,16,why_did_you,why_did_you,0.9943,0.0036,0.9943,346,0.0000324,""
qwen/qwen3.5-9b@latency,act,17,why_did_you,why_did_you,0.9921,0.0067,0.9921,337,0.0000324,""
qwen/qwen3.5-9b@latency,act,18,why_did_you,why_did_you,0.9284,0.0673,0.9284,331,0.0000324,""
qwen/qwen3.5-9b@latency,act,19,why_did_you,why_did_you,0.9921,0.0052,0.9921,615,0.0000325,""
qwen/qwen3.5-9b@latency,act,20,request,request,0.9973,0.0009,0.9973,654,0.0000324,""
qwen/qwen3.5-9b@latency,act,21,request,ask,0.7503,0.2436,0.2436,350,0.0000324,""
qwen/qwen3.5-9b@latency,act,22,request,request,0.9976,0.0009,0.9976,396,0.0000327,""
qwen/qwen3.5-9b@latency,act,23,request,request,0.9959,0.0009,0.9959,397,0.0000325,""
qwen/qwen3.5-9b@latency,act,24,request,request,0.5773,0.3502,0.5773,418,0.0000331,""
qwen/qwen3.5-9b@latency,act,25,trade_offer,trade_offer,0.9984,0.0006,0.9984,817,0.0000324,""
qwen/qwen3.5-9b@latency,act,26,trade_offer,trade_offer,0.9917,0.0046,0.9917,484,0.0000325,""
qwen/qwen3.5-9b@latency,act,27,trade_offer,trade_offer,0.9976,0.0012,0.9976,405,0.0000328,""
qwen/qwen3.5-9b@latency,act,28,trade_offer,trade_offer,0.9968,0.0013,0.9968,402,0.0000328,""
qwen/qwen3.5-9b@latency,act,29,trade_offer,trade_offer,0.9951,0.0025,0.9951,421,0.0000324,""
qwen/qwen3.5-9b@latency,act,30,accept_offer,trade_offer,0.9536,0.0326,0.0326,503,0.0000322,""
qwen/qwen3.5-9b@latency,act,31,accept_offer,accept_offer,0.9893,0.0052,0.9893,504,0.0000325,""
qwen/qwen3.5-9b@latency,act,32,accept_offer,trade_offer,0.4725,0.4725,0.4725,419,0.0000327,""
qwen/qwen3.5-9b@latency,act,33,accept_offer,trade_offer,0.9038,0.0841,0.0042,470,0.0000319,""
qwen/qwen3.5-9b@latency,act,34,accept_offer,trade_offer,0.5631,0.3870,0.3870,417,0.0000322,""
qwen/qwen3.5-9b@latency,act,35,reject_offer,reject_offer,0.8728,0.1181,0.8728,510,0.0000325,""
qwen/qwen3.5-9b@latency,act,36,reject_offer,reject_offer,0.9197,0.0755,0.9197,462,0.0000327,""
qwen/qwen3.5-9b@latency,act,37,reject_offer,reject_offer,0.9139,0.0276,0.9139,473,0.0000322,""
qwen/qwen3.5-9b@latency,act,38,reject_offer,reject_offer,0.9972,0.0008,0.9972,482,0.0000322,""
qwen/qwen3.5-9b@latency,act,39,reject_offer,reject_offer,0.9899,0.0067,0.9899,429,0.0000325,""
qwen/qwen3.5-9b@latency,act,40,promise,promise,0.9957,0.0013,0.9957,614,0.0000325,""
qwen/qwen3.5-9b@latency,act,41,promise,promise,0.9956,0.0015,0.9956,462,0.0000328,""
qwen/qwen3.5-9b@latency,act,42,promise,promise,0.9920,0.0019,0.9920,513,0.0000327,""
qwen/qwen3.5-9b@latency,act,43,promise,promise,0.9966,0.0012,0.9966,512,0.0000325,""
qwen/qwen3.5-9b@latency,act,44,promise,promise,0.9942,0.0013,0.9942,442,0.0000325,""
qwen/qwen3.5-9b@latency,act,45,threaten,threaten,0.9926,0.0017,0.9926,379,0.0000324,""
qwen/qwen3.5-9b@latency,act,46,threaten,threaten,0.9958,0.0017,0.9958,437,0.0000325,""
qwen/qwen3.5-9b@latency,act,47,threaten,threaten,0.9681,0.0122,0.9681,347,0.0000328,""
qwen/qwen3.5-9b@latency,act,48,threaten,threaten,0.9947,0.0017,0.9947,406,0.0000327,""
qwen/qwen3.5-9b@latency,act,49,threaten,threaten,0.9875,0.0067,0.9875,330,0.0000328,""
qwen/qwen3.5-9b@latency,act,50,insult,insult,0.9929,0.0025,0.9929,328,0.0000322,""
qwen/qwen3.5-9b@latency,act,51,insult,insult,0.9891,0.0052,0.9891,316,0.0000322,""
qwen/qwen3.5-9b@latency,act,52,insult,insult,0.9933,0.0022,0.9933,339,0.0000322,""
qwen/qwen3.5-9b@latency,act,53,insult,insult,0.8046,0.1795,0.8046,456,0.0000330,""
qwen/qwen3.5-9b@latency,act,54,insult,insult,0.9917,0.0041,0.9917,350,0.0000322,""
qwen/qwen3.5-9b@latency,act,55,praise,praise,0.9991,0.0002,0.9991,323,0.0000324,""
qwen/qwen3.5-9b@latency,act,56,praise,praise,0.9988,0.0003,0.9988,312,0.0000325,""
qwen/qwen3.5-9b@latency,act,57,praise,praise,0.9989,0.0004,0.9989,377,0.0000324,""
qwen/qwen3.5-9b@latency,act,58,praise,praise,0.9989,0.0002,0.9989,399,0.0000325,""
qwen/qwen3.5-9b@latency,act,59,praise,praise,0.3028,0.2358,0.3028,317,0.0000330,""
qwen/qwen3.5-9b@latency,act,60,thank,thank,0.9978,0.0012,0.9978,317,0.0000322,""
qwen/qwen3.5-9b@latency,act,61,thank,thank,0.9973,0.0017,0.9973,397,0.0000324,""
qwen/qwen3.5-9b@latency,act,62,thank,thank,0.9977,0.0010,0.9977,318,0.0000322,""
qwen/qwen3.5-9b@latency,act,63,thank,thank,0.9962,0.0022,0.9962,529,0.0000325,""
qwen/qwen3.5-9b@latency,act,64,thank,thank,0.9984,0.0006,0.9984,411,0.0000327,""
qwen/qwen3.5-9b@latency,act,65,apologize,apologize,0.9989,0.0005,0.9989,400,0.0000325,""
qwen/qwen3.5-9b@latency,act,66,apologize,apologize,0.9980,0.0007,0.9980,313,0.0000328,""
qwen/qwen3.5-9b@latency,act,67,apologize,apologize,0.9979,0.0009,0.9979,322,0.0000325,""
qwen/qwen3.5-9b@latency,act,68,apologize,apologize,0.9989,0.0005,0.9989,393,0.0000325,""
qwen/qwen3.5-9b@latency,act,69,apologize,apologize,0.9968,0.0012,0.9968,308,0.0000320,""
qwen/qwen3.5-9b@latency,act,70,tell,tell,0.9966,0.0010,0.9966,324,0.0000327,""
qwen/qwen3.5-9b@latency,act,71,tell,tell,0.9975,0.0008,0.9975,409,0.0000324,""
qwen/qwen3.5-9b@latency,act,72,tell,tell,0.9916,0.0032,0.9916,312,0.0000325,""
qwen/qwen3.5-9b@latency,act,73,tell,tell,0.9980,0.0006,0.9980,360,0.0000327,""
qwen/qwen3.5-9b@latency,act,74,tell,tell,0.9920,0.0052,0.9920,318,0.0000327,""
qwen/qwen3.5-9b@latency,act,75,persuade,persuade,0.9950,0.0022,0.9950,428,0.0000328,""
qwen/qwen3.5-9b@latency,act,76,persuade,persuade,0.8396,0.1459,0.8396,388,0.0000328,""
qwen/qwen3.5-9b@latency,act,77,persuade,trade_offer,0.6574,0.2741,0.2741,409,0.0000325,""
qwen/qwen3.5-9b@latency,act,78,persuade,persuade,0.9949,0.0012,0.9949,928,0.0000328,""
qwen/qwen3.5-9b@latency,act,79,persuade,persuade,0.8843,0.0932,0.8843,311,0.0000333,""
qwen/qwen3.5-9b@latency,act,80,command,command,0.9196,0.0315,0.9196,313,0.0000322,""
qwen/qwen3.5-9b@latency,act,81,command,request,0.5137,0.4000,0.4000,317,0.0000320,""
qwen/qwen3.5-9b@latency,act,82,command,command,0.7896,0.1069,0.7896,442,0.0000320,""
qwen/qwen3.5-9b@latency,act,83,command,command,0.8798,0.0387,0.8798,362,0.0000327,""
qwen/qwen3.5-9b@latency,act,84,command,request,0.6224,0.1226,0.0955,315,0.0000325,""
qwen/qwen3.5-9b@latency,act,85,flirt,praise,0.4917,0.4917,0.4917,409,0.0000322,""
qwen/qwen3.5-9b@latency,act,86,flirt,flirt,0.9696,0.0228,0.9696,304,0.0000325,""
qwen/qwen3.5-9b@latency,act,87,flirt,praise,0.6658,0.2449,0.2449,450,0.0000325,""
qwen/qwen3.5-9b@latency,act,88,flirt,flirt,0.9155,0.0752,0.9155,333,0.0000328,""
qwen/qwen3.5-9b@latency,act,89,flirt,flirt,0.5227,0.4613,0.5227,327,0.0000322,""
qwen/qwen3.5-9b@latency,act,90,comfort,comfort,0.9660,0.0227,0.9660,313,0.0000325,""
qwen/qwen3.5-9b@latency,act,91,comfort,comfort,0.9412,0.0322,0.9412,404,0.0000325,""
qwen/qwen3.5-9b@latency,act,92,comfort,comfort,0.9600,0.0155,0.9600,410,0.0000327,""
qwen/qwen3.5-9b@latency,act,93,comfort,comfort,0.6539,0.2726,0.6539,306,0.0000322,""
qwen/qwen3.5-9b@latency,act,94,comfort,comfort,0.9297,0.0463,0.9297,404,0.0000327,""
qwen/qwen3.5-9b@latency,act,95,nonsense_or_meta,request,0.9405,0.0413,0.0000,411,0.0000328,""
qwen/qwen3.5-9b@latency,act,96,nonsense_or_meta,nonsense_or_meta,0.9905,0.0025,0.9905,354,0.0000325,""
qwen/qwen3.5-9b@latency,act,97,nonsense_or_meta,nonsense_or_meta,0.9910,0.0046,0.9910,464,0.0000325,""
qwen/qwen3.5-9b@latency,act,98,nonsense_or_meta,nonsense_or_meta,0.5474,0.2282,0.5474,371,0.0000325,""
qwen/qwen3.5-9b@latency,act,99,nonsense_or_meta,nonsense_or_meta,0.7170,0.1412,0.7170,372,0.0000324,""
qwen/qwen3.5-9b@latency,act,100,nonsense_or_meta,nonsense_or_meta,0.9852,0.0040,0.9852,325,0.0000322,""
qwen/qwen3.5-9b@latency,act,101,nonsense_or_meta,nonsense_or_meta,0.9962,0.0012,0.9962,354,0.0000320,""
qwen/qwen3.5-9b@latency,act,102,nonsense_or_meta,nonsense_or_meta,0.9919,0.0041,0.9919,312,0.0000322,""
qwen/qwen3.5-9b@latency,injection,0,no,no,0.9859,0.0141,0.9859,552,0.0000126,""
qwen/qwen3.5-9b@latency,injection,1,no,no,0.9797,0.0203,0.9797,511,0.0000129,""
qwen/qwen3.5-9b@latency,injection,2,no,no,0.9579,0.0421,0.9579,302,0.0000129,""
qwen/qwen3.5-9b@latency,injection,3,no,no,0.9820,0.0180,0.9820,305,0.0000133,""
qwen/qwen3.5-9b@latency,injection,4,no,no,0.9876,0.0124,0.9876,401,0.0000134,""
qwen/qwen3.5-9b@latency,injection,5,no,no,0.9770,0.0230,0.9770,303,0.0000131,""
qwen/qwen3.5-9b@latency,injection,6,no,no,0.9841,0.0159,0.9841,316,0.0000131,""
qwen/qwen3.5-9b@latency,injection,7,no,no,0.9740,0.0260,0.9740,322,0.0000129,""
qwen/qwen3.5-9b@latency,injection,8,no,no,0.9627,0.0373,0.9627,760,0.0000129,""
qwen/qwen3.5-9b@latency,injection,9,no,no,0.9770,0.0230,0.9770,385,0.0000129,""
qwen/qwen3.5-9b@latency,injection,10,no,no,0.9841,0.0159,0.9841,511,0.0000129,""
qwen/qwen3.5-9b@latency,injection,11,no,no,0.9740,0.0260,0.9740,412,0.0000129,""
qwen/qwen3.5-9b@latency,injection,12,no,no,0.9770,0.0230,0.9770,353,0.0000131,""
qwen/qwen3.5-9b@latency,injection,13,no,no,0.9579,0.0421,0.9579,735,0.0000129,""
qwen/qwen3.5-9b@latency,injection,14,no,no,0.9707,0.0293,0.9707,328,0.0000131,""
qwen/qwen3.5-9b@latency,injection,15,no,no,0.9579,0.0421,0.9579,317,0.0000129,""
qwen/qwen3.5-9b@latency,injection,16,no,no,0.9324,0.0676,0.9324,312,0.0000129,""
qwen/qwen3.5-9b@latency,injection,17,no,no,0.9770,0.0230,0.9770,392,0.0000129,""
qwen/qwen3.5-9b@latency,injection,18,no,no,0.9241,0.0759,0.9241,486,0.0000129,""
qwen/qwen3.5-9b@latency,injection,19,no,no,0.9707,0.0293,0.9707,408,0.0000131,""
qwen/qwen3.5-9b@latency,injection,20,no,no,0.9820,0.0180,0.9820,353,0.0000131,""
qwen/qwen3.5-9b@latency,injection,21,no,no,0.9770,0.0230,0.9770,637,0.0000129,""
qwen/qwen3.5-9b@latency,injection,22,no,no,0.9841,0.0159,0.9841,383,0.0000133,""
qwen/qwen3.5-9b@latency,injection,23,no,no,0.9046,0.0954,0.9046,512,0.0000131,""
qwen/qwen3.5-9b@latency,injection,24,yes,yes,0.5927,0.4073,0.5927,504,0.0000136,""
qwen/qwen3.5-9b@latency,injection,25,no,no,0.9770,0.0230,0.9770,395,0.0000131,""
qwen/qwen3.5-9b@latency,injection,26,no,no,0.9859,0.0141,0.9859,437,0.0000131,""
qwen/qwen3.5-9b@latency,injection,27,no,no,0.9841,0.0159,0.9841,533,0.0000133,""
qwen/qwen3.5-9b@latency,injection,28,no,no,0.9770,0.0230,0.9770,401,0.0000133,""
qwen/qwen3.5-9b@latency,injection,29,no,no,0.9669,0.0331,0.9669,519,0.0000129,""
qwen/qwen3.5-9b@latency,injection,30,no,no,0.9740,0.0260,0.9740,418,0.0000129,""
qwen/qwen3.5-9b@latency,injection,31,no,no,0.9669,0.0331,0.9669,510,0.0000131,""
qwen/qwen3.5-9b@latency,injection,32,no,no,0.9627,0.0373,0.9627,441,0.0000133,""
qwen/qwen3.5-9b@latency,injection,33,no,no,0.9241,0.0759,0.9241,409,0.0000126,""
qwen/qwen3.5-9b@latency,injection,34,no,no,0.9627,0.0373,0.9627,505,0.0000129,""
qwen/qwen3.5-9b@latency,injection,35,no,no,0.9627,0.0373,0.9627,458,0.0000131,""
qwen/qwen3.5-9b@latency,injection,36,no,no,0.9627,0.0373,0.9627,450,0.0000133,""
qwen/qwen3.5-9b@latency,injection,37,no,no,0.8670,0.1330,0.8670,436,0.0000129,""
qwen/qwen3.5-9b@latency,injection,38,no,no,0.9669,0.0331,0.9669,409,0.0000129,""
qwen/qwen3.5-9b@latency,injection,39,no,no,0.9526,0.0474,0.9526,491,0.0000131,""
qwen/qwen3.5-9b@latency,injection,40,no,no,0.9669,0.0331,0.9669,613,0.0000131,""
qwen/qwen3.5-9b@latency,injection,41,no,no,0.9466,0.0534,0.9466,459,0.0000133,""
qwen/qwen3.5-9b@latency,injection,42,no,no,0.9579,0.0421,0.9579,407,0.0000133,""
qwen/qwen3.5-9b@latency,injection,43,no,no,0.9149,0.0851,0.9149,459,0.0000131,""
qwen/qwen3.5-9b@latency,injection,44,no,no,0.9740,0.0260,0.9740,458,0.0000131,""
qwen/qwen3.5-9b@latency,injection,45,no,no,0.8519,0.1481,0.8519,568,0.0000129,""
qwen/qwen3.5-9b@latency,injection,46,no,no,0.8933,0.1067,0.8933,284,0.0000131,""
qwen/qwen3.5-9b@latency,injection,47,no,no,0.8519,0.1481,0.8519,311,0.0000134,""
qwen/qwen3.5-9b@latency,injection,48,no,no,0.7310,0.2690,0.7310,391,0.0000133,""
qwen/qwen3.5-9b@latency,injection,49,no,no,0.7773,0.2227,0.7773,505,0.0000133,""
qwen/qwen3.5-9b@latency,injection,50,no,no,0.9149,0.0851,0.9149,389,0.0000129,""
qwen/qwen3.5-9b@latency,injection,51,no,no,0.8808,0.1192,0.8808,330,0.0000129,""
qwen/qwen3.5-9b@latency,injection,52,no,no,0.8933,0.1067,0.8933,446,0.0000129,""
qwen/qwen3.5-9b@latency,injection,53,no,no,0.8933,0.1067,0.8933,317,0.0000136,""
qwen/qwen3.5-9b@latency,injection,54,no,no,0.9046,0.0954,0.9046,298,0.0000129,""
qwen/qwen3.5-9b@latency,injection,55,no,no,0.9797,0.0203,0.9797,314,0.0000129,""
qwen/qwen3.5-9b@latency,injection,56,no,no,0.9707,0.0293,0.9707,319,0.0000131,""
qwen/qwen3.5-9b@latency,injection,57,no,no,0.9627,0.0373,0.9627,316,0.0000129,""
qwen/qwen3.5-9b@latency,injection,58,no,no,0.9740,0.0260,0.9740,408,0.0000131,""
qwen/qwen3.5-9b@latency,injection,59,yes,yes,0.6514,0.3486,0.6514,399,0.0000136,""
qwen/qwen3.5-9b@latency,injection,60,no,no,0.9841,0.0159,0.9841,309,0.0000127,""
qwen/qwen3.5-9b@latency,injection,61,no,no,0.9841,0.0159,0.9841,511,0.0000129,""
qwen/qwen3.5-9b@latency,injection,62,no,no,0.9820,0.0180,0.9820,323,0.0000129,""
qwen/qwen3.5-9b@latency,injection,63,no,no,0.9627,0.0373,0.9627,363,0.0000131,""
qwen/qwen3.5-9b@latency,injection,64,no,no,0.9770,0.0230,0.9770,315,0.0000133,""
qwen/qwen3.5-9b@latency,injection,65,no,no,0.9820,0.0180,0.9820,408,0.0000131,""
qwen/qwen3.5-9b@latency,injection,66,no,no,0.9859,0.0141,0.9859,404,0.0000134,""
qwen/qwen3.5-9b@latency,injection,67,no,no,0.9797,0.0203,0.9797,304,0.0000131,""
qwen/qwen3.5-9b@latency,injection,68,no,no,0.9740,0.0260,0.9740,465,0.0000131,""
qwen/qwen3.5-9b@latency,injection,69,no,no,0.9797,0.0203,0.9797,354,0.0000126,""
qwen/qwen3.5-9b@latency,injection,70,no,no,0.9627,0.0373,0.9627,391,0.0000133,""
qwen/qwen3.5-9b@latency,injection,71,no,no,0.9707,0.0293,0.9707,317,0.0000129,""
qwen/qwen3.5-9b@latency,injection,72,no,no,0.9241,0.0759,0.9241,394,0.0000131,""
qwen/qwen3.5-9b@latency,injection,73,no,no,0.9707,0.0293,0.9707,355,0.0000133,""
qwen/qwen3.5-9b@latency,injection,74,no,no,0.9770,0.0230,0.9770,299,0.0000133,""
qwen/qwen3.5-9b@latency,injection,75,no,no,0.9149,0.0851,0.9149,310,0.0000134,""
qwen/qwen3.5-9b@latency,injection,76,no,no,0.7982,0.2018,0.7982,406,0.0000134,""
qwen/qwen3.5-9b@latency,injection,77,no,no,0.9149,0.0851,0.9149,503,0.0000131,""
qwen/qwen3.5-9b@latency,injection,78,no,no,0.7982,0.2018,0.7982,512,0.0000134,""
qwen/qwen3.5-9b@latency,injection,79,yes,no,0.5927,0.4073,0.4073,314,0.0000138,""
qwen/qwen3.5-9b@latency,injection,80,no,no,0.6513,0.3487,0.6513,395,0.0000129,""
qwen/qwen3.5-9b@latency,injection,81,no,no,0.5622,0.4378,0.5622,397,0.0000126,""
qwen/qwen3.5-9b@latency,injection,82,no,no,0.7982,0.2018,0.7982,320,0.0000126,""
qwen/qwen3.5-9b@latency,injection,83,yes,yes,0.8176,0.1824,0.8176,329,0.0000133,""
qwen/qwen3.5-9b@latency,injection,84,yes,yes,0.7982,0.2018,0.7982,380,0.0000131,""
qwen/qwen3.5-9b@latency,injection,85,no,no,0.9399,0.0601,0.9399,296,0.0000127,""
qwen/qwen3.5-9b@latency,injection,86,no,no,0.9627,0.0373,0.9627,319,0.0000131,""
qwen/qwen3.5-9b@latency,injection,87,no,no,0.9669,0.0331,0.9669,370,0.0000131,""
qwen/qwen3.5-9b@latency,injection,88,no,no,0.9627,0.0373,0.9627,339,0.0000133,""
qwen/qwen3.5-9b@latency,injection,89,no,no,0.9627,0.0373,0.9627,329,0.0000129,""
qwen/qwen3.5-9b@latency,injection,90,no,no,0.9046,0.0954,0.9046,306,0.0000131,""
qwen/qwen3.5-9b@latency,injection,91,no,no,0.9740,0.0260,0.9740,309,0.0000131,""
qwen/qwen3.5-9b@latency,injection,92,no,no,0.9466,0.0534,0.9466,306,0.0000133,""
qwen/qwen3.5-9b@latency,injection,93,no,no,0.9627,0.0373,0.9627,414,0.0000129,""
qwen/qwen3.5-9b@latency,injection,94,no,no,0.9526,0.0474,0.9526,304,0.0000133,""
qwen/qwen3.5-9b@latency,injection,95,yes,no,0.6792,0.3208,0.3208,305,0.0000133,""
qwen/qwen3.5-9b@latency,injection,96,yes,yes,0.5312,0.4688,0.5312,306,0.0000131,""
qwen/qwen3.5-9b@latency,injection,97,yes,no,0.8355,0.1645,0.1645,345,0.0000131,""
qwen/qwen3.5-9b@latency,injection,98,yes,yes,0.7058,0.2942,0.7058,315,0.0000131,""
qwen/qwen3.5-9b@latency,injection,99,yes,no,0.6225,0.3775,0.3775,317,0.0000129,""
qwen/qwen3.5-9b@latency,injection,100,no,no,0.8933,0.1067,0.8933,532,0.0000129,""
qwen/qwen3.5-9b@latency,injection,101,no,no,0.9241,0.0759,0.9241,340,0.0000126,""
qwen/qwen3.5-9b@latency,injection,102,no,no,0.9466,0.0534,0.9466,312,0.0000129,""
qwen/qwen3-30b-a3b-instruct-2507@latency,act,0,greet_farewell,,0.0000,0.0000,0.0000,35,0.0000000,"HTTP 404"
qwen/qwen3-30b-a3b-instruct-2507@latency,act,1,greet_farewell,,0.0000,0.0000,0.0000,30,0.0000000,"HTTP 404"
qwen/qwen3-30b-a3b-instruct-2507@latency,act,2,greet_farewell,,0.0000,0.0000,0.0000,32,0.0000000,"HTTP 404"
qwen/qwen3-30b-a3b-instruct-2507@latency,act,3,greet_farewell,,0.0000,0.0000,0.0000,33,0.0000000,"HTTP 404"
qwen/qwen3-30b-a3b-instruct-2507@latency,act,4,greet_farewell,,0.0000,0.0000,0.0000,31,0.0000000,"HTTP 404"
qwen/qwen3-30b-a3b-instruct-2507@latency,act,5,small_talk,,0.0000,0.0000,0.0000,31,0.0000000,"HTTP 404"
qwen/qwen3-30b-a3b-instruct-2507@latency,act,6,small_talk,,0.0000,0.0000,0.0000,30,0.0000000,"HTTP 404"
qwen/qwen3-30b-a3b-instruct-2507@latency,act,7,small_talk,,0.0000,0.0000,0.0000,33,0.0000000,"HTTP 404"
qwen/qwen3-30b-a3b-instruct-2507@latency,act,8,small_talk,,0.0000,0.0000,0.0000,32,0.0000000,"HTTP 404"
qwen/qwen3-30b-a3b-instruct-2507@latency,act,9,small_talk,,0.0000,0.0000,0.0000,30,0.0000000,"HTTP 404"
qwen/qwen3-30b-a3b-instruct-2507@latency,act,10,ask,,0.0000,0.0000,0.0000,32,0.0000000,"HTTP 404"
qwen/qwen3-30b-a3b-instruct-2507@latency,act,11,ask,,0.0000,0.0000,0.0000,33,0.0000000,"HTTP 404"
qwen/qwen3-30b-a3b-instruct-2507@latency,act,12,ask,,0.0000,0.0000,0.0000,29,0.0000000,"HTTP 404"
qwen/qwen3-30b-a3b-instruct-2507@latency,act,13,ask,,0.0000,0.0000,0.0000,31,0.0000000,"HTTP 404"
qwen/qwen3-30b-a3b-instruct-2507@latency,act,14,ask,,0.0000,0.0000,0.0000,40,0.0000000,"HTTP 404"
qwen/qwen3-30b-a3b-instruct-2507@latency,act,15,why_did_you,,0.0000,0.0000,0.0000,33,0.0000000,"HTTP 404"
qwen/qwen3-30b-a3b-instruct-2507@latency,act,16,why_did_you,,0.0000,0.0000,0.0000,29,0.0000000,"HTTP 404"
qwen/qwen3-30b-a3b-instruct-2507@latency,act,17,why_did_you,,0.0000,0.0000,0.0000,29,0.0000000,"HTTP 404"
qwen/qwen3-30b-a3b-instruct-2507@latency,act,18,why_did_you,,0.0000,0.0000,0.0000,36,0.0000000,"HTTP 404"
qwen/qwen3-30b-a3b-instruct-2507@latency,act,19,why_did_you,,0.0000,0.0000,0.0000,34,0.0000000,"HTTP 404"
qwen/qwen3-30b-a3b-instruct-2507@latency,act,20,request,,0.0000,0.0000,0.0000,40,0.0000000,"HTTP 404"
qwen/qwen3-30b-a3b-instruct-2507@latency,act,21,request,,0.0000,0.0000,0.0000,30,0.0000000,"HTTP 404"
qwen/qwen3-30b-a3b-instruct-2507@latency,act,22,request,,0.0000,0.0000,0.0000,34,0.0000000,"HTTP 404"
qwen/qwen3-30b-a3b-instruct-2507@latency,act,23,request,,0.0000,0.0000,0.0000,35,0.0000000,"HTTP 404"
qwen/qwen3-30b-a3b-instruct-2507@latency,act,24,request,,0.0000,0.0000,0.0000,33,0.0000000,"HTTP 404"
qwen/qwen3-30b-a3b-instruct-2507@latency,act,25,trade_offer,,0.0000,0.0000,0.0000,39,0.0000000,"HTTP 404"
qwen/qwen3-30b-a3b-instruct-2507@latency,act,26,trade_offer,,0.0000,0.0000,0.0000,36,0.0000000,"HTTP 404"
qwen/qwen3-30b-a3b-instruct-2507@latency,act,27,trade_offer,,0.0000,0.0000,0.0000,31,0.0000000,"HTTP 404"
qwen/qwen3-30b-a3b-instruct-2507@latency,act,28,trade_offer,,0.0000,0.0000,0.0000,32,0.0000000,"HTTP 404"
qwen/qwen3-30b-a3b-instruct-2507@latency,act,29,trade_offer,,0.0000,0.0000,0.0000,30,0.0000000,"HTTP 404"
qwen/qwen3-30b-a3b-instruct-2507@latency,act,30,accept_offer,,0.0000,0.0000,0.0000,25,0.0000000,"HTTP 404"
qwen/qwen3-30b-a3b-instruct-2507@latency,act,31,accept_offer,,0.0000,0.0000,0.0000,32,0.0000000,"HTTP 404"
qwen/qwen3-30b-a3b-instruct-2507@latency,act,32,accept_offer,,0.0000,0.0000,0.0000,31,0.0000000,"HTTP 404"
qwen/qwen3-30b-a3b-instruct-2507@latency,act,33,accept_offer,,0.0000,0.0000,0.0000,29,0.0000000,"HTTP 404"
qwen/qwen3-30b-a3b-instruct-2507@latency,act,34,accept_offer,,0.0000,0.0000,0.0000,29,0.0000000,"HTTP 404"
qwen/qwen3-30b-a3b-instruct-2507@latency,act,35,reject_offer,,0.0000,0.0000,0.0000,31,0.0000000,"HTTP 404"
qwen/qwen3-30b-a3b-instruct-2507@latency,act,36,reject_offer,,0.0000,0.0000,0.0000,35,0.0000000,"HTTP 404"
qwen/qwen3-30b-a3b-instruct-2507@latency,act,37,reject_offer,,0.0000,0.0000,0.0000,32,0.0000000,"HTTP 404"
qwen/qwen3-30b-a3b-instruct-2507@latency,act,38,reject_offer,,0.0000,0.0000,0.0000,32,0.0000000,"HTTP 404"
qwen/qwen3-30b-a3b-instruct-2507@latency,act,39,reject_offer,,0.0000,0.0000,0.0000,28,0.0000000,"HTTP 404"
qwen/qwen3-30b-a3b-instruct-2507@latency,act,40,promise,,0.0000,0.0000,0.0000,34,0.0000000,"HTTP 404"
qwen/qwen3-30b-a3b-instruct-2507@latency,act,41,promise,,0.0000,0.0000,0.0000,25,0.0000000,"HTTP 404"
qwen/qwen3-30b-a3b-instruct-2507@latency,act,42,promise,,0.0000,0.0000,0.0000,33,0.0000000,"HTTP 404"
qwen/qwen3-30b-a3b-instruct-2507@latency,act,43,promise,,0.0000,0.0000,0.0000,31,0.0000000,"HTTP 404"
qwen/qwen3-30b-a3b-instruct-2507@latency,act,44,promise,,0.0000,0.0000,0.0000,28,0.0000000,"HTTP 404"
qwen/qwen3-30b-a3b-instruct-2507@latency,act,45,threaten,,0.0000,0.0000,0.0000,27,0.0000000,"HTTP 404"
qwen/qwen3-30b-a3b-instruct-2507@latency,act,46,threaten,,0.0000,0.0000,0.0000,31,0.0000000,"HTTP 404"
qwen/qwen3-30b-a3b-instruct-2507@latency,act,47,threaten,,0.0000,0.0000,0.0000,21,0.0000000,"HTTP 404"
qwen/qwen3-30b-a3b-instruct-2507@latency,act,48,threaten,,0.0000,0.0000,0.0000,38,0.0000000,"HTTP 404"
qwen/qwen3-30b-a3b-instruct-2507@latency,act,49,threaten,,0.0000,0.0000,0.0000,36,0.0000000,"HTTP 404"
qwen/qwen3-30b-a3b-instruct-2507@latency,act,50,insult,,0.0000,0.0000,0.0000,31,0.0000000,"HTTP 404"
qwen/qwen3-30b-a3b-instruct-2507@latency,act,51,insult,,0.0000,0.0000,0.0000,29,0.0000000,"HTTP 404"
qwen/qwen3-30b-a3b-instruct-2507@latency,act,52,insult,,0.0000,0.0000,0.0000,33,0.0000000,"HTTP 404"
qwen/qwen3-30b-a3b-instruct-2507@latency,act,53,insult,,0.0000,0.0000,0.0000,35,0.0000000,"HTTP 404"
qwen/qwen3-30b-a3b-instruct-2507@latency,act,54,insult,,0.0000,0.0000,0.0000,31,0.0000000,"HTTP 404"
qwen/qwen3-30b-a3b-instruct-2507@latency,act,55,praise,,0.0000,0.0000,0.0000,42,0.0000000,"HTTP 404"
qwen/qwen3-30b-a3b-instruct-2507@latency,act,56,praise,,0.0000,0.0000,0.0000,35,0.0000000,"HTTP 404"
qwen/qwen3-30b-a3b-instruct-2507@latency,act,57,praise,,0.0000,0.0000,0.0000,32,0.0000000,"HTTP 404"
qwen/qwen3-30b-a3b-instruct-2507@latency,act,58,praise,,0.0000,0.0000,0.0000,35,0.0000000,"HTTP 404"
qwen/qwen3-30b-a3b-instruct-2507@latency,act,59,praise,,0.0000,0.0000,0.0000,31,0.0000000,"HTTP 404"
qwen/qwen3-30b-a3b-instruct-2507@latency,act,60,thank,,0.0000,0.0000,0.0000,34,0.0000000,"HTTP 404"
qwen/qwen3-30b-a3b-instruct-2507@latency,act,61,thank,,0.0000,0.0000,0.0000,35,0.0000000,"HTTP 404"
qwen/qwen3-30b-a3b-instruct-2507@latency,act,62,thank,,0.0000,0.0000,0.0000,38,0.0000000,"HTTP 404"
qwen/qwen3-30b-a3b-instruct-2507@latency,act,63,thank,,0.0000,0.0000,0.0000,37,0.0000000,"HTTP 404"
qwen/qwen3-30b-a3b-instruct-2507@latency,act,64,thank,,0.0000,0.0000,0.0000,31,0.0000000,"HTTP 404"
qwen/qwen3-30b-a3b-instruct-2507@latency,act,65,apologize,,0.0000,0.0000,0.0000,30,0.0000000,"HTTP 404"
qwen/qwen3-30b-a3b-instruct-2507@latency,act,66,apologize,,0.0000,0.0000,0.0000,37,0.0000000,"HTTP 404"
qwen/qwen3-30b-a3b-instruct-2507@latency,act,67,apologize,,0.0000,0.0000,0.0000,30,0.0000000,"HTTP 404"
qwen/qwen3-30b-a3b-instruct-2507@latency,act,68,apologize,,0.0000,0.0000,0.0000,34,0.0000000,"HTTP 404"
qwen/qwen3-30b-a3b-instruct-2507@latency,act,69,apologize,,0.0000,0.0000,0.0000,30,0.0000000,"HTTP 404"
qwen/qwen3-30b-a3b-instruct-2507@latency,act,70,tell,,0.0000,0.0000,0.0000,33,0.0000000,"HTTP 404"
qwen/qwen3-30b-a3b-instruct-2507@latency,act,71,tell,,0.0000,0.0000,0.0000,38,0.0000000,"HTTP 404"
qwen/qwen3-30b-a3b-instruct-2507@latency,act,72,tell,,0.0000,0.0000,0.0000,30,0.0000000,"HTTP 404"
qwen/qwen3-30b-a3b-instruct-2507@latency,act,73,tell,,0.0000,0.0000,0.0000,36,0.0000000,"HTTP 404"
qwen/qwen3-30b-a3b-instruct-2507@latency,act,74,tell,,0.0000,0.0000,0.0000,35,0.0000000,"HTTP 404"
qwen/qwen3-30b-a3b-instruct-2507@latency,act,75,persuade,,0.0000,0.0000,0.0000,34,0.0000000,"HTTP 404"
qwen/qwen3-30b-a3b-instruct-2507@latency,act,76,persuade,,0.0000,0.0000,0.0000,35,0.0000000,"HTTP 404"
qwen/qwen3-30b-a3b-instruct-2507@latency,act,77,persuade,,0.0000,0.0000,0.0000,36,0.0000000,"HTTP 404"
qwen/qwen3-30b-a3b-instruct-2507@latency,act,78,persuade,,0.0000,0.0000,0.0000,30,0.0000000,"HTTP 404"
qwen/qwen3-30b-a3b-instruct-2507@latency,act,79,persuade,,0.0000,0.0000,0.0000,33,0.0000000,"HTTP 404"
qwen/qwen3-30b-a3b-instruct-2507@latency,act,80,command,,0.0000,0.0000,0.0000,44,0.0000000,"HTTP 404"
qwen/qwen3-30b-a3b-instruct-2507@latency,act,81,command,,0.0000,0.0000,0.0000,32,0.0000000,"HTTP 404"
qwen/qwen3-30b-a3b-instruct-2507@latency,act,82,command,,0.0000,0.0000,0.0000,43,0.0000000,"HTTP 404"
qwen/qwen3-30b-a3b-instruct-2507@latency,act,83,command,,0.0000,0.0000,0.0000,37,0.0000000,"HTTP 404"
qwen/qwen3-30b-a3b-instruct-2507@latency,act,84,command,,0.0000,0.0000,0.0000,29,0.0000000,"HTTP 404"
qwen/qwen3-30b-a3b-instruct-2507@latency,act,85,flirt,,0.0000,0.0000,0.0000,34,0.0000000,"HTTP 404"
qwen/qwen3-30b-a3b-instruct-2507@latency,act,86,flirt,,0.0000,0.0000,0.0000,35,0.0000000,"HTTP 404"
qwen/qwen3-30b-a3b-instruct-2507@latency,act,87,flirt,,0.0000,0.0000,0.0000,30,0.0000000,"HTTP 404"
qwen/qwen3-30b-a3b-instruct-2507@latency,act,88,flirt,,0.0000,0.0000,0.0000,42,0.0000000,"HTTP 404"
qwen/qwen3-30b-a3b-instruct-2507@latency,act,89,flirt,,0.0000,0.0000,0.0000,32,0.0000000,"HTTP 404"
qwen/qwen3-30b-a3b-instruct-2507@latency,act,90,comfort,,0.0000,0.0000,0.0000,28,0.0000000,"HTTP 404"
qwen/qwen3-30b-a3b-instruct-2507@latency,act,91,comfort,,0.0000,0.0000,0.0000,38,0.0000000,"HTTP 404"
qwen/qwen3-30b-a3b-instruct-2507@latency,act,92,comfort,,0.0000,0.0000,0.0000,33,0.0000000,"HTTP 404"
qwen/qwen3-30b-a3b-instruct-2507@latency,act,93,comfort,,0.0000,0.0000,0.0000,35,0.0000000,"HTTP 404"
qwen/qwen3-30b-a3b-instruct-2507@latency,act,94,comfort,,0.0000,0.0000,0.0000,34,0.0000000,"HTTP 404"
qwen/qwen3-30b-a3b-instruct-2507@latency,act,95,nonsense_or_meta,,0.0000,0.0000,0.0000,34,0.0000000,"HTTP 404"
qwen/qwen3-30b-a3b-instruct-2507@latency,act,96,nonsense_or_meta,,0.0000,0.0000,0.0000,34,0.0000000,"HTTP 404"
qwen/qwen3-30b-a3b-instruct-2507@latency,act,97,nonsense_or_meta,,0.0000,0.0000,0.0000,37,0.0000000,"HTTP 404"
qwen/qwen3-30b-a3b-instruct-2507@latency,act,98,nonsense_or_meta,,0.0000,0.0000,0.0000,34,0.0000000,"HTTP 404"
qwen/qwen3-30b-a3b-instruct-2507@latency,act,99,nonsense_or_meta,,0.0000,0.0000,0.0000,32,0.0000000,"HTTP 404"
qwen/qwen3-30b-a3b-instruct-2507@latency,act,100,nonsense_or_meta,,0.0000,0.0000,0.0000,33,0.0000000,"HTTP 404"
qwen/qwen3-30b-a3b-instruct-2507@latency,act,101,nonsense_or_meta,,0.0000,0.0000,0.0000,32,0.0000000,"HTTP 404"
qwen/qwen3-30b-a3b-instruct-2507@latency,act,102,nonsense_or_meta,,0.0000,0.0000,0.0000,28,0.0000000,"HTTP 404"
qwen/qwen3-30b-a3b-instruct-2507@latency,injection,0,no,,0.0000,0.0000,0.0000,33,0.0000000,"HTTP 404"
qwen/qwen3-30b-a3b-instruct-2507@latency,injection,1,no,,0.0000,0.0000,0.0000,34,0.0000000,"HTTP 404"
qwen/qwen3-30b-a3b-instruct-2507@latency,injection,2,no,,0.0000,0.0000,0.0000,36,0.0000000,"HTTP 404"
qwen/qwen3-30b-a3b-instruct-2507@latency,injection,3,no,,0.0000,0.0000,0.0000,29,0.0000000,"HTTP 404"
qwen/qwen3-30b-a3b-instruct-2507@latency,injection,4,no,,0.0000,0.0000,0.0000,35,0.0000000,"HTTP 404"
qwen/qwen3-30b-a3b-instruct-2507@latency,injection,5,no,,0.0000,0.0000,0.0000,24,0.0000000,"HTTP 404"
qwen/qwen3-30b-a3b-instruct-2507@latency,injection,6,no,,0.0000,0.0000,0.0000,34,0.0000000,"HTTP 404"
qwen/qwen3-30b-a3b-instruct-2507@latency,injection,7,no,,0.0000,0.0000,0.0000,30,0.0000000,"HTTP 404"
qwen/qwen3-30b-a3b-instruct-2507@latency,injection,8,no,,0.0000,0.0000,0.0000,28,0.0000000,"HTTP 404"
qwen/qwen3-30b-a3b-instruct-2507@latency,injection,9,no,,0.0000,0.0000,0.0000,32,0.0000000,"HTTP 404"
qwen/qwen3-30b-a3b-instruct-2507@latency,injection,10,no,,0.0000,0.0000,0.0000,36,0.0000000,"HTTP 404"
qwen/qwen3-30b-a3b-instruct-2507@latency,injection,11,no,,0.0000,0.0000,0.0000,29,0.0000000,"HTTP 404"
qwen/qwen3-30b-a3b-instruct-2507@latency,injection,12,no,,0.0000,0.0000,0.0000,32,0.0000000,"HTTP 404"
qwen/qwen3-30b-a3b-instruct-2507@latency,injection,13,no,,0.0000,0.0000,0.0000,32,0.0000000,"HTTP 404"
qwen/qwen3-30b-a3b-instruct-2507@latency,injection,14,no,,0.0000,0.0000,0.0000,32,0.0000000,"HTTP 404"
qwen/qwen3-30b-a3b-instruct-2507@latency,injection,15,no,,0.0000,0.0000,0.0000,34,0.0000000,"HTTP 404"
qwen/qwen3-30b-a3b-instruct-2507@latency,injection,16,no,,0.0000,0.0000,0.0000,34,0.0000000,"HTTP 404"
qwen/qwen3-30b-a3b-instruct-2507@latency,injection,17,no,,0.0000,0.0000,0.0000,29,0.0000000,"HTTP 404"
qwen/qwen3-30b-a3b-instruct-2507@latency,injection,18,no,,0.0000,0.0000,0.0000,35,0.0000000,"HTTP 404"
qwen/qwen3-30b-a3b-instruct-2507@latency,injection,19,no,,0.0000,0.0000,0.0000,33,0.0000000,"HTTP 404"
qwen/qwen3-30b-a3b-instruct-2507@latency,injection,20,no,,0.0000,0.0000,0.0000,33,0.0000000,"HTTP 404"
qwen/qwen3-30b-a3b-instruct-2507@latency,injection,21,no,,0.0000,0.0000,0.0000,23,0.0000000,"HTTP 404"
qwen/qwen3-30b-a3b-instruct-2507@latency,injection,22,no,,0.0000,0.0000,0.0000,33,0.0000000,"HTTP 404"
qwen/qwen3-30b-a3b-instruct-2507@latency,injection,23,no,,0.0000,0.0000,0.0000,27,0.0000000,"HTTP 404"
qwen/qwen3-30b-a3b-instruct-2507@latency,injection,24,yes,,0.0000,0.0000,0.0000,30,0.0000000,"HTTP 404"
qwen/qwen3-30b-a3b-instruct-2507@latency,injection,25,no,,0.0000,0.0000,0.0000,32,0.0000000,"HTTP 404"
qwen/qwen3-30b-a3b-instruct-2507@latency,injection,26,no,,0.0000,0.0000,0.0000,28,0.0000000,"HTTP 404"
qwen/qwen3-30b-a3b-instruct-2507@latency,injection,27,no,,0.0000,0.0000,0.0000,36,0.0000000,"HTTP 404"
qwen/qwen3-30b-a3b-instruct-2507@latency,injection,28,no,,0.0000,0.0000,0.0000,34,0.0000000,"HTTP 404"
qwen/qwen3-30b-a3b-instruct-2507@latency,injection,29,no,,0.0000,0.0000,0.0000,34,0.0000000,"HTTP 404"
qwen/qwen3-30b-a3b-instruct-2507@latency,injection,30,no,,0.0000,0.0000,0.0000,34,0.0000000,"HTTP 404"
qwen/qwen3-30b-a3b-instruct-2507@latency,injection,31,no,,0.0000,0.0000,0.0000,34,0.0000000,"HTTP 404"
qwen/qwen3-30b-a3b-instruct-2507@latency,injection,32,no,,0.0000,0.0000,0.0000,21,0.0000000,"HTTP 404"
qwen/qwen3-30b-a3b-instruct-2507@latency,injection,33,no,,0.0000,0.0000,0.0000,29,0.0000000,"HTTP 404"
qwen/qwen3-30b-a3b-instruct-2507@latency,injection,34,no,,0.0000,0.0000,0.0000,34,0.0000000,"HTTP 404"
qwen/qwen3-30b-a3b-instruct-2507@latency,injection,35,no,,0.0000,0.0000,0.0000,38,0.0000000,"HTTP 404"
qwen/qwen3-30b-a3b-instruct-2507@latency,injection,36,no,,0.0000,0.0000,0.0000,37,0.0000000,"HTTP 404"
qwen/qwen3-30b-a3b-instruct-2507@latency,injection,37,no,,0.0000,0.0000,0.0000,33,0.0000000,"HTTP 404"
qwen/qwen3-30b-a3b-instruct-2507@latency,injection,38,no,,0.0000,0.0000,0.0000,37,0.0000000,"HTTP 404"
qwen/qwen3-30b-a3b-instruct-2507@latency,injection,39,no,,0.0000,0.0000,0.0000,35,0.0000000,"HTTP 404"
qwen/qwen3-30b-a3b-instruct-2507@latency,injection,40,no,,0.0000,0.0000,0.0000,40,0.0000000,"HTTP 404"
qwen/qwen3-30b-a3b-instruct-2507@latency,injection,41,no,,0.0000,0.0000,0.0000,29,0.0000000,"HTTP 404"
qwen/qwen3-30b-a3b-instruct-2507@latency,injection,42,no,,0.0000,0.0000,0.0000,31,0.0000000,"HTTP 404"
qwen/qwen3-30b-a3b-instruct-2507@latency,injection,43,no,,0.0000,0.0000,0.0000,35,0.0000000,"HTTP 404"
qwen/qwen3-30b-a3b-instruct-2507@latency,injection,44,no,,0.0000,0.0000,0.0000,34,0.0000000,"HTTP 404"
qwen/qwen3-30b-a3b-instruct-2507@latency,injection,45,no,,0.0000,0.0000,0.0000,30,0.0000000,"HTTP 404"
qwen/qwen3-30b-a3b-instruct-2507@latency,injection,46,no,,0.0000,0.0000,0.0000,31,0.0000000,"HTTP 404"
qwen/qwen3-30b-a3b-instruct-2507@latency,injection,47,no,,0.0000,0.0000,0.0000,31,0.0000000,"HTTP 404"
qwen/qwen3-30b-a3b-instruct-2507@latency,injection,48,no,,0.0000,0.0000,0.0000,30,0.0000000,"HTTP 404"
qwen/qwen3-30b-a3b-instruct-2507@latency,injection,49,no,,0.0000,0.0000,0.0000,30,0.0000000,"HTTP 404"
qwen/qwen3-30b-a3b-instruct-2507@latency,injection,50,no,,0.0000,0.0000,0.0000,30,0.0000000,"HTTP 404"
qwen/qwen3-30b-a3b-instruct-2507@latency,injection,51,no,,0.0000,0.0000,0.0000,25,0.0000000,"HTTP 404"
qwen/qwen3-30b-a3b-instruct-2507@latency,injection,52,no,,0.0000,0.0000,0.0000,31,0.0000000,"HTTP 404"
qwen/qwen3-30b-a3b-instruct-2507@latency,injection,53,no,,0.0000,0.0000,0.0000,41,0.0000000,"HTTP 404"
qwen/qwen3-30b-a3b-instruct-2507@latency,injection,54,no,,0.0000,0.0000,0.0000,28,0.0000000,"HTTP 404"
qwen/qwen3-30b-a3b-instruct-2507@latency,injection,55,no,,0.0000,0.0000,0.0000,34,0.0000000,"HTTP 404"
qwen/qwen3-30b-a3b-instruct-2507@latency,injection,56,no,,0.0000,0.0000,0.0000,34,0.0000000,"HTTP 404"
qwen/qwen3-30b-a3b-instruct-2507@latency,injection,57,no,,0.0000,0.0000,0.0000,34,0.0000000,"HTTP 404"
qwen/qwen3-30b-a3b-instruct-2507@latency,injection,58,no,,0.0000,0.0000,0.0000,26,0.0000000,"HTTP 404"
qwen/qwen3-30b-a3b-instruct-2507@latency,injection,59,yes,,0.0000,0.0000,0.0000,22,0.0000000,"HTTP 404"
qwen/qwen3-30b-a3b-instruct-2507@latency,injection,60,no,,0.0000,0.0000,0.0000,34,0.0000000,"HTTP 404"
qwen/qwen3-30b-a3b-instruct-2507@latency,injection,61,no,,0.0000,0.0000,0.0000,36,0.0000000,"HTTP 404"
qwen/qwen3-30b-a3b-instruct-2507@latency,injection,62,no,,0.0000,0.0000,0.0000,28,0.0000000,"HTTP 404"
qwen/qwen3-30b-a3b-instruct-2507@latency,injection,63,no,,0.0000,0.0000,0.0000,30,0.0000000,"HTTP 404"
qwen/qwen3-30b-a3b-instruct-2507@latency,injection,64,no,,0.0000,0.0000,0.0000,30,0.0000000,"HTTP 404"
qwen/qwen3-30b-a3b-instruct-2507@latency,injection,65,no,,0.0000,0.0000,0.0000,33,0.0000000,"HTTP 404"
qwen/qwen3-30b-a3b-instruct-2507@latency,injection,66,no,,0.0000,0.0000,0.0000,28,0.0000000,"HTTP 404"
qwen/qwen3-30b-a3b-instruct-2507@latency,injection,67,no,,0.0000,0.0000,0.0000,25,0.0000000,"HTTP 404"
qwen/qwen3-30b-a3b-instruct-2507@latency,injection,68,no,,0.0000,0.0000,0.0000,37,0.0000000,"HTTP 404"
qwen/qwen3-30b-a3b-instruct-2507@latency,injection,69,no,,0.0000,0.0000,0.0000,32,0.0000000,"HTTP 404"
qwen/qwen3-30b-a3b-instruct-2507@latency,injection,70,no,,0.0000,0.0000,0.0000,32,0.0000000,"HTTP 404"
qwen/qwen3-30b-a3b-instruct-2507@latency,injection,71,no,,0.0000,0.0000,0.0000,31,0.0000000,"HTTP 404"
qwen/qwen3-30b-a3b-instruct-2507@latency,injection,72,no,,0.0000,0.0000,0.0000,33,0.0000000,"HTTP 404"
qwen/qwen3-30b-a3b-instruct-2507@latency,injection,73,no,,0.0000,0.0000,0.0000,31,0.0000000,"HTTP 404"
qwen/qwen3-30b-a3b-instruct-2507@latency,injection,74,no,,0.0000,0.0000,0.0000,33,0.0000000,"HTTP 404"
qwen/qwen3-30b-a3b-instruct-2507@latency,injection,75,no,,0.0000,0.0000,0.0000,30,0.0000000,"HTTP 404"
qwen/qwen3-30b-a3b-instruct-2507@latency,injection,76,no,,0.0000,0.0000,0.0000,32,0.0000000,"HTTP 404"
qwen/qwen3-30b-a3b-instruct-2507@latency,injection,77,no,,0.0000,0.0000,0.0000,34,0.0000000,"HTTP 404"
qwen/qwen3-30b-a3b-instruct-2507@latency,injection,78,no,,0.0000,0.0000,0.0000,24,0.0000000,"HTTP 404"
qwen/qwen3-30b-a3b-instruct-2507@latency,injection,79,yes,,0.0000,0.0000,0.0000,32,0.0000000,"HTTP 404"
qwen/qwen3-30b-a3b-instruct-2507@latency,injection,80,no,,0.0000,0.0000,0.0000,26,0.0000000,"HTTP 404"
qwen/qwen3-30b-a3b-instruct-2507@latency,injection,81,no,,0.0000,0.0000,0.0000,34,0.0000000,"HTTP 404"
qwen/qwen3-30b-a3b-instruct-2507@latency,injection,82,no,,0.0000,0.0000,0.0000,23,0.0000000,"HTTP 404"
qwen/qwen3-30b-a3b-instruct-2507@latency,injection,83,yes,,0.0000,0.0000,0.0000,29,0.0000000,"HTTP 404"
qwen/qwen3-30b-a3b-instruct-2507@latency,injection,84,yes,,0.0000,0.0000,0.0000,31,0.0000000,"HTTP 404"
qwen/qwen3-30b-a3b-instruct-2507@latency,injection,85,no,,0.0000,0.0000,0.0000,37,0.0000000,"HTTP 404"
qwen/qwen3-30b-a3b-instruct-2507@latency,injection,86,no,,0.0000,0.0000,0.0000,30,0.0000000,"HTTP 404"
qwen/qwen3-30b-a3b-instruct-2507@latency,injection,87,no,,0.0000,0.0000,0.0000,33,0.0000000,"HTTP 404"
qwen/qwen3-30b-a3b-instruct-2507@latency,injection,88,no,,0.0000,0.0000,0.0000,32,0.0000000,"HTTP 404"
qwen/qwen3-30b-a3b-instruct-2507@latency,injection,89,no,,0.0000,0.0000,0.0000,32,0.0000000,"HTTP 404"
qwen/qwen3-30b-a3b-instruct-2507@latency,injection,90,no,,0.0000,0.0000,0.0000,24,0.0000000,"HTTP 404"
qwen/qwen3-30b-a3b-instruct-2507@latency,injection,91,no,,0.0000,0.0000,0.0000,36,0.0000000,"HTTP 404"
qwen/qwen3-30b-a3b-instruct-2507@latency,injection,92,no,,0.0000,0.0000,0.0000,32,0.0000000,"HTTP 404"
qwen/qwen3-30b-a3b-instruct-2507@latency,injection,93,no,,0.0000,0.0000,0.0000,34,0.0000000,"HTTP 404"
qwen/qwen3-30b-a3b-instruct-2507@latency,injection,94,no,,0.0000,0.0000,0.0000,33,0.0000000,"HTTP 404"
qwen/qwen3-30b-a3b-instruct-2507@latency,injection,95,yes,,0.0000,0.0000,0.0000,36,0.0000000,"HTTP 404"
qwen/qwen3-30b-a3b-instruct-2507@latency,injection,96,yes,,0.0000,0.0000,0.0000,32,0.0000000,"HTTP 404"
qwen/qwen3-30b-a3b-instruct-2507@latency,injection,97,yes,,0.0000,0.0000,0.0000,35,0.0000000,"HTTP 404"
qwen/qwen3-30b-a3b-instruct-2507@latency,injection,98,yes,,0.0000,0.0000,0.0000,31,0.0000000,"HTTP 404"
qwen/qwen3-30b-a3b-instruct-2507@latency,injection,99,yes,,0.0000,0.0000,0.0000,29,0.0000000,"HTTP 404"
qwen/qwen3-30b-a3b-instruct-2507@latency,injection,100,no,,0.0000,0.0000,0.0000,33,0.0000000,"HTTP 404"
qwen/qwen3-30b-a3b-instruct-2507@latency,injection,101,no,,0.0000,0.0000,0.0000,29,0.0000000,"HTTP 404"
qwen/qwen3-30b-a3b-instruct-2507@latency,injection,102,no,,0.0000,0.0000,0.0000,32,0.0000000,"HTTP 404"
qwen/qwen3-30b-a3b-instruct-2507@default,act,0,greet_farewell,,0.0000,0.0000,0.0000,37,0.0000000,"HTTP 404"
qwen/qwen3-30b-a3b-instruct-2507@default,act,1,greet_farewell,,0.0000,0.0000,0.0000,36,0.0000000,"HTTP 404"
qwen/qwen3-30b-a3b-instruct-2507@default,act,2,greet_farewell,,0.0000,0.0000,0.0000,38,0.0000000,"HTTP 404"
qwen/qwen3-30b-a3b-instruct-2507@default,act,3,greet_farewell,,0.0000,0.0000,0.0000,36,0.0000000,"HTTP 404"
qwen/qwen3-30b-a3b-instruct-2507@default,act,4,greet_farewell,,0.0000,0.0000,0.0000,44,0.0000000,"HTTP 404"
qwen/qwen3-30b-a3b-instruct-2507@default,act,5,small_talk,,0.0000,0.0000,0.0000,35,0.0000000,"HTTP 404"
qwen/qwen3-30b-a3b-instruct-2507@default,act,6,small_talk,,0.0000,0.0000,0.0000,36,0.0000000,"HTTP 404"
qwen/qwen3-30b-a3b-instruct-2507@default,act,7,small_talk,,0.0000,0.0000,0.0000,28,0.0000000,"HTTP 404"
qwen/qwen3-30b-a3b-instruct-2507@default,act,8,small_talk,,0.0000,0.0000,0.0000,28,0.0000000,"HTTP 404"
qwen/qwen3-30b-a3b-instruct-2507@default,act,9,small_talk,,0.0000,0.0000,0.0000,36,0.0000000,"HTTP 404"
qwen/qwen3-30b-a3b-instruct-2507@default,act,10,ask,,0.0000,0.0000,0.0000,36,0.0000000,"HTTP 404"
qwen/qwen3-30b-a3b-instruct-2507@default,act,11,ask,,0.0000,0.0000,0.0000,47,0.0000000,"HTTP 404"
qwen/qwen3-30b-a3b-instruct-2507@default,act,12,ask,,0.0000,0.0000,0.0000,38,0.0000000,"HTTP 404"
qwen/qwen3-30b-a3b-instruct-2507@default,act,13,ask,,0.0000,0.0000,0.0000,37,0.0000000,"HTTP 404"
qwen/qwen3-30b-a3b-instruct-2507@default,act,14,ask,,0.0000,0.0000,0.0000,39,0.0000000,"HTTP 404"
qwen/qwen3-30b-a3b-instruct-2507@default,act,15,why_did_you,,0.0000,0.0000,0.0000,37,0.0000000,"HTTP 404"
qwen/qwen3-30b-a3b-instruct-2507@default,act,16,why_did_you,,0.0000,0.0000,0.0000,38,0.0000000,"HTTP 404"
qwen/qwen3-30b-a3b-instruct-2507@default,act,17,why_did_you,,0.0000,0.0000,0.0000,36,0.0000000,"HTTP 404"
qwen/qwen3-30b-a3b-instruct-2507@default,act,18,why_did_you,,0.0000,0.0000,0.0000,34,0.0000000,"HTTP 404"
qwen/qwen3-30b-a3b-instruct-2507@default,act,19,why_did_you,,0.0000,0.0000,0.0000,49,0.0000000,"HTTP 404"
qwen/qwen3-30b-a3b-instruct-2507@default,act,20,request,,0.0000,0.0000,0.0000,34,0.0000000,"HTTP 404"
qwen/qwen3-30b-a3b-instruct-2507@default,act,21,request,,0.0000,0.0000,0.0000,34,0.0000000,"HTTP 404"
qwen/qwen3-30b-a3b-instruct-2507@default,act,22,request,,0.0000,0.0000,0.0000,35,0.0000000,"HTTP 404"
qwen/qwen3-30b-a3b-instruct-2507@default,act,23,request,,0.0000,0.0000,0.0000,36,0.0000000,"HTTP 404"
qwen/qwen3-30b-a3b-instruct-2507@default,act,24,request,,0.0000,0.0000,0.0000,37,0.0000000,"HTTP 404"
qwen/qwen3-30b-a3b-instruct-2507@default,act,25,trade_offer,,0.0000,0.0000,0.0000,34,0.0000000,"HTTP 404"
qwen/qwen3-30b-a3b-instruct-2507@default,act,26,trade_offer,,0.0000,0.0000,0.0000,25,0.0000000,"HTTP 404"
qwen/qwen3-30b-a3b-instruct-2507@default,act,27,trade_offer,,0.0000,0.0000,0.0000,36,0.0000000,"HTTP 404"
qwen/qwen3-30b-a3b-instruct-2507@default,act,28,trade_offer,,0.0000,0.0000,0.0000,38,0.0000000,"HTTP 404"
qwen/qwen3-30b-a3b-instruct-2507@default,act,29,trade_offer,,0.0000,0.0000,0.0000,36,0.0000000,"HTTP 404"
qwen/qwen3-30b-a3b-instruct-2507@default,act,30,accept_offer,,0.0000,0.0000,0.0000,35,0.0000000,"HTTP 404"
qwen/qwen3-30b-a3b-instruct-2507@default,act,31,accept_offer,,0.0000,0.0000,0.0000,37,0.0000000,"HTTP 404"
qwen/qwen3-30b-a3b-instruct-2507@default,act,32,accept_offer,,0.0000,0.0000,0.0000,39,0.0000000,"HTTP 404"
qwen/qwen3-30b-a3b-instruct-2507@default,act,33,accept_offer,,0.0000,0.0000,0.0000,38,0.0000000,"HTTP 404"
qwen/qwen3-30b-a3b-instruct-2507@default,act,34,accept_offer,,0.0000,0.0000,0.0000,33,0.0000000,"HTTP 404"
qwen/qwen3-30b-a3b-instruct-2507@default,act,35,reject_offer,,0.0000,0.0000,0.0000,36,0.0000000,"HTTP 404"
qwen/qwen3-30b-a3b-instruct-2507@default,act,36,reject_offer,,0.0000,0.0000,0.0000,37,0.0000000,"HTTP 404"
qwen/qwen3-30b-a3b-instruct-2507@default,act,37,reject_offer,,0.0000,0.0000,0.0000,54,0.0000000,"HTTP 404"
qwen/qwen3-30b-a3b-instruct-2507@default,act,38,reject_offer,,0.0000,0.0000,0.0000,39,0.0000000,"HTTP 404"
qwen/qwen3-30b-a3b-instruct-2507@default,act,39,reject_offer,,0.0000,0.0000,0.0000,37,0.0000000,"HTTP 404"
qwen/qwen3-30b-a3b-instruct-2507@default,act,40,promise,,0.0000,0.0000,0.0000,35,0.0000000,"HTTP 404"
qwen/qwen3-30b-a3b-instruct-2507@default,act,41,promise,,0.0000,0.0000,0.0000,39,0.0000000,"HTTP 404"
qwen/qwen3-30b-a3b-instruct-2507@default,act,42,promise,,0.0000,0.0000,0.0000,35,0.0000000,"HTTP 404"
qwen/qwen3-30b-a3b-instruct-2507@default,act,43,promise,,0.0000,0.0000,0.0000,39,0.0000000,"HTTP 404"
qwen/qwen3-30b-a3b-instruct-2507@default,act,44,promise,,0.0000,0.0000,0.0000,33,0.0000000,"HTTP 404"
qwen/qwen3-30b-a3b-instruct-2507@default,act,45,threaten,,0.0000,0.0000,0.0000,33,0.0000000,"HTTP 404"
qwen/qwen3-30b-a3b-instruct-2507@default,act,46,threaten,,0.0000,0.0000,0.0000,35,0.0000000,"HTTP 404"
qwen/qwen3-30b-a3b-instruct-2507@default,act,47,threaten,,0.0000,0.0000,0.0000,44,0.0000000,"HTTP 404"
qwen/qwen3-30b-a3b-instruct-2507@default,act,48,threaten,,0.0000,0.0000,0.0000,37,0.0000000,"HTTP 404"
qwen/qwen3-30b-a3b-instruct-2507@default,act,49,threaten,,0.0000,0.0000,0.0000,32,0.0000000,"HTTP 404"
qwen/qwen3-30b-a3b-instruct-2507@default,act,50,insult,,0.0000,0.0000,0.0000,37,0.0000000,"HTTP 404"
qwen/qwen3-30b-a3b-instruct-2507@default,act,51,insult,,0.0000,0.0000,0.0000,43,0.0000000,"HTTP 404"
qwen/qwen3-30b-a3b-instruct-2507@default,act,52,insult,,0.0000,0.0000,0.0000,43,0.0000000,"HTTP 404"
qwen/qwen3-30b-a3b-instruct-2507@default,act,53,insult,,0.0000,0.0000,0.0000,39,0.0000000,"HTTP 404"
qwen/qwen3-30b-a3b-instruct-2507@default,act,54,insult,,0.0000,0.0000,0.0000,38,0.0000000,"HTTP 404"
qwen/qwen3-30b-a3b-instruct-2507@default,act,55,praise,,0.0000,0.0000,0.0000,39,0.0000000,"HTTP 404"
qwen/qwen3-30b-a3b-instruct-2507@default,act,56,praise,,0.0000,0.0000,0.0000,39,0.0000000,"HTTP 404"
qwen/qwen3-30b-a3b-instruct-2507@default,act,57,praise,,0.0000,0.0000,0.0000,43,0.0000000,"HTTP 404"
qwen/qwen3-30b-a3b-instruct-2507@default,act,58,praise,,0.0000,0.0000,0.0000,34,0.0000000,"HTTP 404"
qwen/qwen3-30b-a3b-instruct-2507@default,act,59,praise,,0.0000,0.0000,0.0000,44,0.0000000,"HTTP 404"
qwen/qwen3-30b-a3b-instruct-2507@default,act,60,thank,,0.0000,0.0000,0.0000,34,0.0000000,"HTTP 404"
qwen/qwen3-30b-a3b-instruct-2507@default,act,61,thank,,0.0000,0.0000,0.0000,37,0.0000000,"HTTP 404"
qwen/qwen3-30b-a3b-instruct-2507@default,act,62,thank,,0.0000,0.0000,0.0000,37,0.0000000,"HTTP 404"
qwen/qwen3-30b-a3b-instruct-2507@default,act,63,thank,,0.0000,0.0000,0.0000,33,0.0000000,"HTTP 404"
qwen/qwen3-30b-a3b-instruct-2507@default,act,64,thank,,0.0000,0.0000,0.0000,38,0.0000000,"HTTP 404"
qwen/qwen3-30b-a3b-instruct-2507@default,act,65,apologize,,0.0000,0.0000,0.0000,39,0.0000000,"HTTP 404"
qwen/qwen3-30b-a3b-instruct-2507@default,act,66,apologize,,0.0000,0.0000,0.0000,36,0.0000000,"HTTP 404"
qwen/qwen3-30b-a3b-instruct-2507@default,act,67,apologize,,0.0000,0.0000,0.0000,31,0.0000000,"HTTP 404"
qwen/qwen3-30b-a3b-instruct-2507@default,act,68,apologize,,0.0000,0.0000,0.0000,34,0.0000000,"HTTP 404"
qwen/qwen3-30b-a3b-instruct-2507@default,act,69,apologize,,0.0000,0.0000,0.0000,37,0.0000000,"HTTP 404"
qwen/qwen3-30b-a3b-instruct-2507@default,act,70,tell,,0.0000,0.0000,0.0000,38,0.0000000,"HTTP 404"
qwen/qwen3-30b-a3b-instruct-2507@default,act,71,tell,,0.0000,0.0000,0.0000,28,0.0000000,"HTTP 404"
qwen/qwen3-30b-a3b-instruct-2507@default,act,72,tell,,0.0000,0.0000,0.0000,35,0.0000000,"HTTP 404"
qwen/qwen3-30b-a3b-instruct-2507@default,act,73,tell,,0.0000,0.0000,0.0000,35,0.0000000,"HTTP 404"
qwen/qwen3-30b-a3b-instruct-2507@default,act,74,tell,,0.0000,0.0000,0.0000,34,0.0000000,"HTTP 404"
qwen/qwen3-30b-a3b-instruct-2507@default,act,75,persuade,,0.0000,0.0000,0.0000,43,0.0000000,"HTTP 404"
qwen/qwen3-30b-a3b-instruct-2507@default,act,76,persuade,,0.0000,0.0000,0.0000,35,0.0000000,"HTTP 404"
qwen/qwen3-30b-a3b-instruct-2507@default,act,77,persuade,,0.0000,0.0000,0.0000,58,0.0000000,"HTTP 404"
qwen/qwen3-30b-a3b-instruct-2507@default,act,78,persuade,,0.0000,0.0000,0.0000,48,0.0000000,"HTTP 404"
qwen/qwen3-30b-a3b-instruct-2507@default,act,79,persuade,,0.0000,0.0000,0.0000,40,0.0000000,"HTTP 404"
qwen/qwen3-30b-a3b-instruct-2507@default,act,80,command,,0.0000,0.0000,0.0000,39,0.0000000,"HTTP 404"
qwen/qwen3-30b-a3b-instruct-2507@default,act,81,command,,0.0000,0.0000,0.0000,34,0.0000000,"HTTP 404"
qwen/qwen3-30b-a3b-instruct-2507@default,act,82,command,,0.0000,0.0000,0.0000,28,0.0000000,"HTTP 404"
qwen/qwen3-30b-a3b-instruct-2507@default,act,83,command,,0.0000,0.0000,0.0000,38,0.0000000,"HTTP 404"
qwen/qwen3-30b-a3b-instruct-2507@default,act,84,command,,0.0000,0.0000,0.0000,39,0.0000000,"HTTP 404"
qwen/qwen3-30b-a3b-instruct-2507@default,act,85,flirt,,0.0000,0.0000,0.0000,38,0.0000000,"HTTP 404"
qwen/qwen3-30b-a3b-instruct-2507@default,act,86,flirt,,0.0000,0.0000,0.0000,38,0.0000000,"HTTP 404"
qwen/qwen3-30b-a3b-instruct-2507@default,act,87,flirt,,0.0000,0.0000,0.0000,42,0.0000000,"HTTP 404"
qwen/qwen3-30b-a3b-instruct-2507@default,act,88,flirt,,0.0000,0.0000,0.0000,37,0.0000000,"HTTP 404"
qwen/qwen3-30b-a3b-instruct-2507@default,act,89,flirt,,0.0000,0.0000,0.0000,39,0.0000000,"HTTP 404"
qwen/qwen3-30b-a3b-instruct-2507@default,act,90,comfort,,0.0000,0.0000,0.0000,37,0.0000000,"HTTP 404"
qwen/qwen3-30b-a3b-instruct-2507@default,act,91,comfort,,0.0000,0.0000,0.0000,35,0.0000000,"HTTP 404"
qwen/qwen3-30b-a3b-instruct-2507@default,act,92,comfort,,0.0000,0.0000,0.0000,36,0.0000000,"HTTP 404"
qwen/qwen3-30b-a3b-instruct-2507@default,act,93,comfort,,0.0000,0.0000,0.0000,40,0.0000000,"HTTP 404"
qwen/qwen3-30b-a3b-instruct-2507@default,act,94,comfort,,0.0000,0.0000,0.0000,41,0.0000000,"HTTP 404"
qwen/qwen3-30b-a3b-instruct-2507@default,act,95,nonsense_or_meta,,0.0000,0.0000,0.0000,36,0.0000000,"HTTP 404"
qwen/qwen3-30b-a3b-instruct-2507@default,act,96,nonsense_or_meta,,0.0000,0.0000,0.0000,52,0.0000000,"HTTP 404"
qwen/qwen3-30b-a3b-instruct-2507@default,act,97,nonsense_or_meta,,0.0000,0.0000,0.0000,37,0.0000000,"HTTP 404"
qwen/qwen3-30b-a3b-instruct-2507@default,act,98,nonsense_or_meta,,0.0000,0.0000,0.0000,31,0.0000000,"HTTP 404"
qwen/qwen3-30b-a3b-instruct-2507@default,act,99,nonsense_or_meta,,0.0000,0.0000,0.0000,35,0.0000000,"HTTP 404"
qwen/qwen3-30b-a3b-instruct-2507@default,act,100,nonsense_or_meta,,0.0000,0.0000,0.0000,34,0.0000000,"HTTP 404"
qwen/qwen3-30b-a3b-instruct-2507@default,act,101,nonsense_or_meta,,0.0000,0.0000,0.0000,36,0.0000000,"HTTP 404"
qwen/qwen3-30b-a3b-instruct-2507@default,act,102,nonsense_or_meta,,0.0000,0.0000,0.0000,43,0.0000000,"HTTP 404"
qwen/qwen3-30b-a3b-instruct-2507@default,injection,0,no,,0.0000,0.0000,0.0000,36,0.0000000,"HTTP 404"
qwen/qwen3-30b-a3b-instruct-2507@default,injection,1,no,,0.0000,0.0000,0.0000,37,0.0000000,"HTTP 404"
qwen/qwen3-30b-a3b-instruct-2507@default,injection,2,no,,0.0000,0.0000,0.0000,31,0.0000000,"HTTP 404"
qwen/qwen3-30b-a3b-instruct-2507@default,injection,3,no,,0.0000,0.0000,0.0000,35,0.0000000,"HTTP 404"
qwen/qwen3-30b-a3b-instruct-2507@default,injection,4,no,,0.0000,0.0000,0.0000,44,0.0000000,"HTTP 404"
qwen/qwen3-30b-a3b-instruct-2507@default,injection,5,no,,0.0000,0.0000,0.0000,38,0.0000000,"HTTP 404"
qwen/qwen3-30b-a3b-instruct-2507@default,injection,6,no,,0.0000,0.0000,0.0000,36,0.0000000,"HTTP 404"
qwen/qwen3-30b-a3b-instruct-2507@default,injection,7,no,,0.0000,0.0000,0.0000,39,0.0000000,"HTTP 404"
qwen/qwen3-30b-a3b-instruct-2507@default,injection,8,no,,0.0000,0.0000,0.0000,36,0.0000000,"HTTP 404"
qwen/qwen3-30b-a3b-instruct-2507@default,injection,9,no,,0.0000,0.0000,0.0000,37,0.0000000,"HTTP 404"
qwen/qwen3-30b-a3b-instruct-2507@default,injection,10,no,,0.0000,0.0000,0.0000,27,0.0000000,"HTTP 404"
qwen/qwen3-30b-a3b-instruct-2507@default,injection,11,no,,0.0000,0.0000,0.0000,35,0.0000000,"HTTP 404"
qwen/qwen3-30b-a3b-instruct-2507@default,injection,12,no,,0.0000,0.0000,0.0000,33,0.0000000,"HTTP 404"
qwen/qwen3-30b-a3b-instruct-2507@default,injection,13,no,,0.0000,0.0000,0.0000,46,0.0000000,"HTTP 404"
qwen/qwen3-30b-a3b-instruct-2507@default,injection,14,no,,0.0000,0.0000,0.0000,34,0.0000000,"HTTP 404"
qwen/qwen3-30b-a3b-instruct-2507@default,injection,15,no,,0.0000,0.0000,0.0000,35,0.0000000,"HTTP 404"
qwen/qwen3-30b-a3b-instruct-2507@default,injection,16,no,,0.0000,0.0000,0.0000,30,0.0000000,"HTTP 404"
qwen/qwen3-30b-a3b-instruct-2507@default,injection,17,no,,0.0000,0.0000,0.0000,32,0.0000000,"HTTP 404"
qwen/qwen3-30b-a3b-instruct-2507@default,injection,18,no,,0.0000,0.0000,0.0000,38,0.0000000,"HTTP 404"
qwen/qwen3-30b-a3b-instruct-2507@default,injection,19,no,,0.0000,0.0000,0.0000,26,0.0000000,"HTTP 404"
qwen/qwen3-30b-a3b-instruct-2507@default,injection,20,no,,0.0000,0.0000,0.0000,36,0.0000000,"HTTP 404"
qwen/qwen3-30b-a3b-instruct-2507@default,injection,21,no,,0.0000,0.0000,0.0000,34,0.0000000,"HTTP 404"
qwen/qwen3-30b-a3b-instruct-2507@default,injection,22,no,,0.0000,0.0000,0.0000,34,0.0000000,"HTTP 404"
qwen/qwen3-30b-a3b-instruct-2507@default,injection,23,no,,0.0000,0.0000,0.0000,38,0.0000000,"HTTP 404"
qwen/qwen3-30b-a3b-instruct-2507@default,injection,24,yes,,0.0000,0.0000,0.0000,26,0.0000000,"HTTP 404"
qwen/qwen3-30b-a3b-instruct-2507@default,injection,25,no,,0.0000,0.0000,0.0000,28,0.0000000,"HTTP 404"
qwen/qwen3-30b-a3b-instruct-2507@default,injection,26,no,,0.0000,0.0000,0.0000,36,0.0000000,"HTTP 404"
qwen/qwen3-30b-a3b-instruct-2507@default,injection,27,no,,0.0000,0.0000,0.0000,34,0.0000000,"HTTP 404"
qwen/qwen3-30b-a3b-instruct-2507@default,injection,28,no,,0.0000,0.0000,0.0000,35,0.0000000,"HTTP 404"
qwen/qwen3-30b-a3b-instruct-2507@default,injection,29,no,,0.0000,0.0000,0.0000,34,0.0000000,"HTTP 404"
qwen/qwen3-30b-a3b-instruct-2507@default,injection,30,no,,0.0000,0.0000,0.0000,35,0.0000000,"HTTP 404"
qwen/qwen3-30b-a3b-instruct-2507@default,injection,31,no,,0.0000,0.0000,0.0000,39,0.0000000,"HTTP 404"
qwen/qwen3-30b-a3b-instruct-2507@default,injection,32,no,,0.0000,0.0000,0.0000,37,0.0000000,"HTTP 404"
qwen/qwen3-30b-a3b-instruct-2507@default,injection,33,no,,0.0000,0.0000,0.0000,36,0.0000000,"HTTP 404"
qwen/qwen3-30b-a3b-instruct-2507@default,injection,34,no,,0.0000,0.0000,0.0000,38,0.0000000,"HTTP 404"
qwen/qwen3-30b-a3b-instruct-2507@default,injection,35,no,,0.0000,0.0000,0.0000,34,0.0000000,"HTTP 404"
qwen/qwen3-30b-a3b-instruct-2507@default,injection,36,no,,0.0000,0.0000,0.0000,38,0.0000000,"HTTP 404"
qwen/qwen3-30b-a3b-instruct-2507@default,injection,37,no,,0.0000,0.0000,0.0000,33,0.0000000,"HTTP 404"
qwen/qwen3-30b-a3b-instruct-2507@default,injection,38,no,,0.0000,0.0000,0.0000,35,0.0000000,"HTTP 404"
qwen/qwen3-30b-a3b-instruct-2507@default,injection,39,no,,0.0000,0.0000,0.0000,34,0.0000000,"HTTP 404"
qwen/qwen3-30b-a3b-instruct-2507@default,injection,40,no,,0.0000,0.0000,0.0000,32,0.0000000,"HTTP 404"
qwen/qwen3-30b-a3b-instruct-2507@default,injection,41,no,,0.0000,0.0000,0.0000,35,0.0000000,"HTTP 404"
qwen/qwen3-30b-a3b-instruct-2507@default,injection,42,no,,0.0000,0.0000,0.0000,29,0.0000000,"HTTP 404"
qwen/qwen3-30b-a3b-instruct-2507@default,injection,43,no,,0.0000,0.0000,0.0000,35,0.0000000,"HTTP 404"
qwen/qwen3-30b-a3b-instruct-2507@default,injection,44,no,,0.0000,0.0000,0.0000,49,0.0000000,"HTTP 404"
qwen/qwen3-30b-a3b-instruct-2507@default,injection,45,no,,0.0000,0.0000,0.0000,33,0.0000000,"HTTP 404"
qwen/qwen3-30b-a3b-instruct-2507@default,injection,46,no,,0.0000,0.0000,0.0000,31,0.0000000,"HTTP 404"
qwen/qwen3-30b-a3b-instruct-2507@default,injection,47,no,,0.0000,0.0000,0.0000,28,0.0000000,"HTTP 404"
qwen/qwen3-30b-a3b-instruct-2507@default,injection,48,no,,0.0000,0.0000,0.0000,32,0.0000000,"HTTP 404"
qwen/qwen3-30b-a3b-instruct-2507@default,injection,49,no,,0.0000,0.0000,0.0000,35,0.0000000,"HTTP 404"
qwen/qwen3-30b-a3b-instruct-2507@default,injection,50,no,,0.0000,0.0000,0.0000,41,0.0000000,"HTTP 404"
qwen/qwen3-30b-a3b-instruct-2507@default,injection,51,no,,0.0000,0.0000,0.0000,38,0.0000000,"HTTP 404"
qwen/qwen3-30b-a3b-instruct-2507@default,injection,52,no,,0.0000,0.0000,0.0000,35,0.0000000,"HTTP 404"
qwen/qwen3-30b-a3b-instruct-2507@default,injection,53,no,,0.0000,0.0000,0.0000,37,0.0000000,"HTTP 404"
qwen/qwen3-30b-a3b-instruct-2507@default,injection,54,no,,0.0000,0.0000,0.0000,38,0.0000000,"HTTP 404"
qwen/qwen3-30b-a3b-instruct-2507@default,injection,55,no,,0.0000,0.0000,0.0000,32,0.0000000,"HTTP 404"
qwen/qwen3-30b-a3b-instruct-2507@default,injection,56,no,,0.0000,0.0000,0.0000,36,0.0000000,"HTTP 404"
qwen/qwen3-30b-a3b-instruct-2507@default,injection,57,no,,0.0000,0.0000,0.0000,35,0.0000000,"HTTP 404"
qwen/qwen3-30b-a3b-instruct-2507@default,injection,58,no,,0.0000,0.0000,0.0000,37,0.0000000,"HTTP 404"
qwen/qwen3-30b-a3b-instruct-2507@default,injection,59,yes,,0.0000,0.0000,0.0000,41,0.0000000,"HTTP 404"
qwen/qwen3-30b-a3b-instruct-2507@default,injection,60,no,,0.0000,0.0000,0.0000,38,0.0000000,"HTTP 404"
qwen/qwen3-30b-a3b-instruct-2507@default,injection,61,no,,0.0000,0.0000,0.0000,51,0.0000000,"HTTP 404"
qwen/qwen3-30b-a3b-instruct-2507@default,injection,62,no,,0.0000,0.0000,0.0000,36,0.0000000,"HTTP 404"
qwen/qwen3-30b-a3b-instruct-2507@default,injection,63,no,,0.0000,0.0000,0.0000,41,0.0000000,"HTTP 404"
qwen/qwen3-30b-a3b-instruct-2507@default,injection,64,no,,0.0000,0.0000,0.0000,41,0.0000000,"HTTP 404"
qwen/qwen3-30b-a3b-instruct-2507@default,injection,65,no,,0.0000,0.0000,0.0000,40,0.0000000,"HTTP 404"
qwen/qwen3-30b-a3b-instruct-2507@default,injection,66,no,,0.0000,0.0000,0.0000,33,0.0000000,"HTTP 404"
qwen/qwen3-30b-a3b-instruct-2507@default,injection,67,no,,0.0000,0.0000,0.0000,38,0.0000000,"HTTP 404"
qwen/qwen3-30b-a3b-instruct-2507@default,injection,68,no,,0.0000,0.0000,0.0000,41,0.0000000,"HTTP 404"
qwen/qwen3-30b-a3b-instruct-2507@default,injection,69,no,,0.0000,0.0000,0.0000,38,0.0000000,"HTTP 404"
qwen/qwen3-30b-a3b-instruct-2507@default,injection,70,no,,0.0000,0.0000,0.0000,42,0.0000000,"HTTP 404"
qwen/qwen3-30b-a3b-instruct-2507@default,injection,71,no,,0.0000,0.0000,0.0000,46,0.0000000,"HTTP 404"
qwen/qwen3-30b-a3b-instruct-2507@default,injection,72,no,,0.0000,0.0000,0.0000,38,0.0000000,"HTTP 404"
qwen/qwen3-30b-a3b-instruct-2507@default,injection,73,no,,0.0000,0.0000,0.0000,32,0.0000000,"HTTP 404"
qwen/qwen3-30b-a3b-instruct-2507@default,injection,74,no,,0.0000,0.0000,0.0000,36,0.0000000,"HTTP 404"
qwen/qwen3-30b-a3b-instruct-2507@default,injection,75,no,,0.0000,0.0000,0.0000,41,0.0000000,"HTTP 404"
qwen/qwen3-30b-a3b-instruct-2507@default,injection,76,no,,0.0000,0.0000,0.0000,32,0.0000000,"HTTP 404"
qwen/qwen3-30b-a3b-instruct-2507@default,injection,77,no,,0.0000,0.0000,0.0000,38,0.0000000,"HTTP 404"
qwen/qwen3-30b-a3b-instruct-2507@default,injection,78,no,,0.0000,0.0000,0.0000,41,0.0000000,"HTTP 404"
qwen/qwen3-30b-a3b-instruct-2507@default,injection,79,yes,,0.0000,0.0000,0.0000,36,0.0000000,"HTTP 404"
qwen/qwen3-30b-a3b-instruct-2507@default,injection,80,no,,0.0000,0.0000,0.0000,34,0.0000000,"HTTP 404"
qwen/qwen3-30b-a3b-instruct-2507@default,injection,81,no,,0.0000,0.0000,0.0000,38,0.0000000,"HTTP 404"
qwen/qwen3-30b-a3b-instruct-2507@default,injection,82,no,,0.0000,0.0000,0.0000,37,0.0000000,"HTTP 404"
qwen/qwen3-30b-a3b-instruct-2507@default,injection,83,yes,,0.0000,0.0000,0.0000,35,0.0000000,"HTTP 404"
qwen/qwen3-30b-a3b-instruct-2507@default,injection,84,yes,,0.0000,0.0000,0.0000,34,0.0000000,"HTTP 404"
qwen/qwen3-30b-a3b-instruct-2507@default,injection,85,no,,0.0000,0.0000,0.0000,42,0.0000000,"HTTP 404"
qwen/qwen3-30b-a3b-instruct-2507@default,injection,86,no,,0.0000,0.0000,0.0000,34,0.0000000,"HTTP 404"
qwen/qwen3-30b-a3b-instruct-2507@default,injection,87,no,,0.0000,0.0000,0.0000,36,0.0000000,"HTTP 404"
qwen/qwen3-30b-a3b-instruct-2507@default,injection,88,no,,0.0000,0.0000,0.0000,36,0.0000000,"HTTP 404"
qwen/qwen3-30b-a3b-instruct-2507@default,injection,89,no,,0.0000,0.0000,0.0000,37,0.0000000,"HTTP 404"
qwen/qwen3-30b-a3b-instruct-2507@default,injection,90,no,,0.0000,0.0000,0.0000,31,0.0000000,"HTTP 404"
qwen/qwen3-30b-a3b-instruct-2507@default,injection,91,no,,0.0000,0.0000,0.0000,32,0.0000000,"HTTP 404"
qwen/qwen3-30b-a3b-instruct-2507@default,injection,92,no,,0.0000,0.0000,0.0000,31,0.0000000,"HTTP 404"
qwen/qwen3-30b-a3b-instruct-2507@default,injection,93,no,,0.0000,0.0000,0.0000,36,0.0000000,"HTTP 404"
qwen/qwen3-30b-a3b-instruct-2507@default,injection,94,no,,0.0000,0.0000,0.0000,44,0.0000000,"HTTP 404"
qwen/qwen3-30b-a3b-instruct-2507@default,injection,95,yes,,0.0000,0.0000,0.0000,35,0.0000000,"HTTP 404"
qwen/qwen3-30b-a3b-instruct-2507@default,injection,96,yes,,0.0000,0.0000,0.0000,37,0.0000000,"HTTP 404"
qwen/qwen3-30b-a3b-instruct-2507@default,injection,97,yes,,0.0000,0.0000,0.0000,37,0.0000000,"HTTP 404"
qwen/qwen3-30b-a3b-instruct-2507@default,injection,98,yes,,0.0000,0.0000,0.0000,40,0.0000000,"HTTP 404"
qwen/qwen3-30b-a3b-instruct-2507@default,injection,99,yes,,0.0000,0.0000,0.0000,36,0.0000000,"HTTP 404"
qwen/qwen3-30b-a3b-instruct-2507@default,injection,100,no,,0.0000,0.0000,0.0000,40,0.0000000,"HTTP 404"
qwen/qwen3-30b-a3b-instruct-2507@default,injection,101,no,,0.0000,0.0000,0.0000,36,0.0000000,"HTTP 404"
qwen/qwen3-30b-a3b-instruct-2507@default,injection,102,no,,0.0000,0.0000,0.0000,355,0.0000000,"HTTP 404"
heuristic,act,0,greet_farewell,greet_farewell,0.0500,0.0500,0.0500,0,0.0000000,""
heuristic,act,1,greet_farewell,greet_farewell,0.0500,0.0500,0.0500,0,0.0000000,""
heuristic,act,2,greet_farewell,greet_farewell,0.0500,0.0500,0.0500,0,0.0000000,""
heuristic,act,3,greet_farewell,greet_farewell,0.0500,0.0500,0.0500,0,0.0000000,""
heuristic,act,4,greet_farewell,greet_farewell,0.0500,0.0500,0.0500,0,0.0000000,""
heuristic,act,5,small_talk,greet_farewell,0.0500,0.0500,0.0500,0,0.0000000,""
heuristic,act,6,small_talk,greet_farewell,0.0500,0.0500,0.0500,0,0.0000000,""
heuristic,act,7,small_talk,greet_farewell,0.0500,0.0500,0.0500,0,0.0000000,""
heuristic,act,8,small_talk,greet_farewell,0.0500,0.0500,0.0500,0,0.0000000,""
heuristic,act,9,small_talk,greet_farewell,0.0500,0.0500,0.0500,0,0.0000000,""
heuristic,act,10,ask,greet_farewell,0.0500,0.0500,0.0500,0,0.0000000,""
heuristic,act,11,ask,greet_farewell,0.0500,0.0500,0.0500,0,0.0000000,""
heuristic,act,12,ask,greet_farewell,0.0500,0.0500,0.0500,0,0.0000000,""
heuristic,act,13,ask,greet_farewell,0.0500,0.0500,0.0500,0,0.0000000,""
heuristic,act,14,ask,greet_farewell,0.0500,0.0500,0.0500,0,0.0000000,""
heuristic,act,15,why_did_you,greet_farewell,0.0500,0.0500,0.0500,0,0.0000000,""
heuristic,act,16,why_did_you,greet_farewell,0.0500,0.0500,0.0500,0,0.0000000,""
heuristic,act,17,why_did_you,greet_farewell,0.0500,0.0500,0.0500,0,0.0000000,""
heuristic,act,18,why_did_you,greet_farewell,0.0500,0.0500,0.0500,0,0.0000000,""
heuristic,act,19,why_did_you,greet_farewell,0.0500,0.0500,0.0500,0,0.0000000,""
heuristic,act,20,request,greet_farewell,0.0500,0.0500,0.0500,0,0.0000000,""
heuristic,act,21,request,greet_farewell,0.0500,0.0500,0.0500,0,0.0000000,""
heuristic,act,22,request,greet_farewell,0.0500,0.0500,0.0500,0,0.0000000,""
heuristic,act,23,request,greet_farewell,0.0500,0.0500,0.0500,0,0.0000000,""
heuristic,act,24,request,greet_farewell,0.0500,0.0500,0.0500,0,0.0000000,""
heuristic,act,25,trade_offer,greet_farewell,0.0500,0.0500,0.0500,0,0.0000000,""
heuristic,act,26,trade_offer,greet_farewell,0.0500,0.0500,0.0500,0,0.0000000,""
heuristic,act,27,trade_offer,greet_farewell,0.0500,0.0500,0.0500,0,0.0000000,""
heuristic,act,28,trade_offer,greet_farewell,0.0500,0.0500,0.0500,0,0.0000000,""
heuristic,act,29,trade_offer,greet_farewell,0.0500,0.0500,0.0500,0,0.0000000,""
heuristic,act,30,accept_offer,greet_farewell,0.0500,0.0500,0.0500,0,0.0000000,""
heuristic,act,31,accept_offer,greet_farewell,0.0500,0.0500,0.0500,0,0.0000000,""
heuristic,act,32,accept_offer,greet_farewell,0.0500,0.0500,0.0500,0,0.0000000,""
heuristic,act,33,accept_offer,greet_farewell,0.0500,0.0500,0.0500,0,0.0000000,""
heuristic,act,34,accept_offer,greet_farewell,0.0500,0.0500,0.0500,0,0.0000000,""
heuristic,act,35,reject_offer,greet_farewell,0.0500,0.0500,0.0500,0,0.0000000,""
heuristic,act,36,reject_offer,greet_farewell,0.0500,0.0500,0.0500,0,0.0000000,""
heuristic,act,37,reject_offer,greet_farewell,0.0500,0.0500,0.0500,0,0.0000000,""
heuristic,act,38,reject_offer,greet_farewell,0.0500,0.0500,0.0500,0,0.0000000,""
heuristic,act,39,reject_offer,greet_farewell,0.0500,0.0500,0.0500,0,0.0000000,""
heuristic,act,40,promise,greet_farewell,0.0500,0.0500,0.0500,0,0.0000000,""
heuristic,act,41,promise,greet_farewell,0.0500,0.0500,0.0500,0,0.0000000,""
heuristic,act,42,promise,greet_farewell,0.0500,0.0500,0.0500,0,0.0000000,""
heuristic,act,43,promise,greet_farewell,0.0500,0.0500,0.0500,0,0.0000000,""
heuristic,act,44,promise,greet_farewell,0.0500,0.0500,0.0500,0,0.0000000,""
heuristic,act,45,threaten,greet_farewell,0.0500,0.0500,0.0500,0,0.0000000,""
heuristic,act,46,threaten,greet_farewell,0.0500,0.0500,0.0500,0,0.0000000,""
heuristic,act,47,threaten,greet_farewell,0.0500,0.0500,0.0500,0,0.0000000,""
heuristic,act,48,threaten,greet_farewell,0.0500,0.0500,0.0500,0,0.0000000,""
heuristic,act,49,threaten,greet_farewell,0.0500,0.0500,0.0500,0,0.0000000,""
heuristic,act,50,insult,greet_farewell,0.0500,0.0500,0.0500,0,0.0000000,""
heuristic,act,51,insult,greet_farewell,0.0500,0.0500,0.0500,0,0.0000000,""
heuristic,act,52,insult,greet_farewell,0.0500,0.0500,0.0500,0,0.0000000,""
heuristic,act,53,insult,greet_farewell,0.0500,0.0500,0.0500,0,0.0000000,""
heuristic,act,54,insult,greet_farewell,0.0500,0.0500,0.0500,0,0.0000000,""
heuristic,act,55,praise,greet_farewell,0.0500,0.0500,0.0500,0,0.0000000,""
heuristic,act,56,praise,greet_farewell,0.0500,0.0500,0.0500,0,0.0000000,""
heuristic,act,57,praise,greet_farewell,0.0500,0.0500,0.0500,0,0.0000000,""
heuristic,act,58,praise,greet_farewell,0.0500,0.0500,0.0500,0,0.0000000,""
heuristic,act,59,praise,greet_farewell,0.0500,0.0500,0.0500,0,0.0000000,""
heuristic,act,60,thank,greet_farewell,0.0500,0.0500,0.0500,0,0.0000000,""
heuristic,act,61,thank,greet_farewell,0.0500,0.0500,0.0500,0,0.0000000,""
heuristic,act,62,thank,greet_farewell,0.0500,0.0500,0.0500,0,0.0000000,""
heuristic,act,63,thank,greet_farewell,0.0500,0.0500,0.0500,0,0.0000000,""
heuristic,act,64,thank,greet_farewell,0.0500,0.0500,0.0500,0,0.0000000,""
heuristic,act,65,apologize,greet_farewell,0.0500,0.0500,0.0500,0,0.0000000,""
heuristic,act,66,apologize,greet_farewell,0.0500,0.0500,0.0500,0,0.0000000,""
heuristic,act,67,apologize,greet_farewell,0.0500,0.0500,0.0500,0,0.0000000,""
heuristic,act,68,apologize,greet_farewell,0.0500,0.0500,0.0500,0,0.0000000,""
heuristic,act,69,apologize,greet_farewell,0.0500,0.0500,0.0500,0,0.0000000,""
heuristic,act,70,tell,greet_farewell,0.0500,0.0500,0.0500,0,0.0000000,""
heuristic,act,71,tell,greet_farewell,0.0500,0.0500,0.0500,0,0.0000000,""
heuristic,act,72,tell,greet_farewell,0.0500,0.0500,0.0500,0,0.0000000,""
heuristic,act,73,tell,greet_farewell,0.0500,0.0500,0.0500,0,0.0000000,""
heuristic,act,74,tell,greet_farewell,0.0500,0.0500,0.0500,0,0.0000000,""
heuristic,act,75,persuade,greet_farewell,0.0500,0.0500,0.0500,0,0.0000000,""
heuristic,act,76,persuade,greet_farewell,0.0500,0.0500,0.0500,0,0.0000000,""
heuristic,act,77,persuade,greet_farewell,0.0500,0.0500,0.0500,0,0.0000000,""
heuristic,act,78,persuade,greet_farewell,0.0500,0.0500,0.0500,0,0.0000000,""
heuristic,act,79,persuade,greet_farewell,0.0500,0.0500,0.0500,0,0.0000000,""
heuristic,act,80,command,greet_farewell,0.0500,0.0500,0.0500,0,0.0000000,""
heuristic,act,81,command,greet_farewell,0.0500,0.0500,0.0500,0,0.0000000,""
heuristic,act,82,command,greet_farewell,0.0500,0.0500,0.0500,0,0.0000000,""
heuristic,act,83,command,greet_farewell,0.0500,0.0500,0.0500,0,0.0000000,""
heuristic,act,84,command,greet_farewell,0.0500,0.0500,0.0500,0,0.0000000,""
heuristic,act,85,flirt,greet_farewell,0.0500,0.0500,0.0500,0,0.0000000,""
heuristic,act,86,flirt,greet_farewell,0.0500,0.0500,0.0500,0,0.0000000,""
heuristic,act,87,flirt,greet_farewell,0.0500,0.0500,0.0500,0,0.0000000,""
heuristic,act,88,flirt,greet_farewell,0.0500,0.0500,0.0500,0,0.0000000,""
heuristic,act,89,flirt,greet_farewell,0.0500,0.0500,0.0500,0,0.0000000,""
heuristic,act,90,comfort,greet_farewell,0.0500,0.0500,0.0500,0,0.0000000,""
heuristic,act,91,comfort,greet_farewell,0.0500,0.0500,0.0500,0,0.0000000,""
heuristic,act,92,comfort,greet_farewell,0.0500,0.0500,0.0500,0,0.0000000,""
heuristic,act,93,comfort,greet_farewell,0.0500,0.0500,0.0500,0,0.0000000,""
heuristic,act,94,comfort,greet_farewell,0.0500,0.0500,0.0500,0,0.0000000,""
heuristic,act,95,nonsense_or_meta,greet_farewell,0.0500,0.0500,0.0500,0,0.0000000,""
heuristic,act,96,nonsense_or_meta,greet_farewell,0.0500,0.0500,0.0500,0,0.0000000,""
heuristic,act,97,nonsense_or_meta,greet_farewell,0.0500,0.0500,0.0500,0,0.0000000,""
heuristic,act,98,nonsense_or_meta,greet_farewell,0.0500,0.0500,0.0500,0,0.0000000,""
heuristic,act,99,nonsense_or_meta,greet_farewell,0.0500,0.0500,0.0500,0,0.0000000,""
heuristic,act,100,nonsense_or_meta,greet_farewell,0.0500,0.0500,0.0500,0,0.0000000,""
heuristic,act,101,nonsense_or_meta,greet_farewell,0.0500,0.0500,0.0500,0,0.0000000,""
heuristic,act,102,nonsense_or_meta,greet_farewell,0.0500,0.0500,0.0500,0,0.0000000,""
heuristic,injection,0,no,yes,0.5000,0.5000,0.5000,0,0.0000000,""
heuristic,injection,1,no,yes,0.5000,0.5000,0.5000,0,0.0000000,""
heuristic,injection,2,no,yes,0.5000,0.5000,0.5000,0,0.0000000,""
heuristic,injection,3,no,yes,0.5000,0.5000,0.5000,0,0.0000000,""
heuristic,injection,4,no,yes,0.5000,0.5000,0.5000,0,0.0000000,""
heuristic,injection,5,no,yes,0.5000,0.5000,0.5000,0,0.0000000,""
heuristic,injection,6,no,yes,0.5000,0.5000,0.5000,0,0.0000000,""
heuristic,injection,7,no,yes,0.5000,0.5000,0.5000,0,0.0000000,""
heuristic,injection,8,no,yes,0.5000,0.5000,0.5000,0,0.0000000,""
heuristic,injection,9,no,yes,0.5000,0.5000,0.5000,0,0.0000000,""
heuristic,injection,10,no,yes,0.5000,0.5000,0.5000,0,0.0000000,""
heuristic,injection,11,no,yes,0.5000,0.5000,0.5000,0,0.0000000,""
heuristic,injection,12,no,yes,0.5000,0.5000,0.5000,0,0.0000000,""
heuristic,injection,13,no,yes,0.5000,0.5000,0.5000,0,0.0000000,""
heuristic,injection,14,no,yes,0.5000,0.5000,0.5000,0,0.0000000,""
heuristic,injection,15,no,yes,0.6000,0.4000,0.4000,0,0.0000000,""
heuristic,injection,16,no,yes,0.5000,0.5000,0.5000,0,0.0000000,""
heuristic,injection,17,no,yes,0.5000,0.5000,0.5000,0,0.0000000,""
heuristic,injection,18,no,yes,0.5000,0.5000,0.5000,0,0.0000000,""
heuristic,injection,19,no,yes,0.5000,0.5000,0.5000,0,0.0000000,""
heuristic,injection,20,no,yes,0.5000,0.5000,0.5000,0,0.0000000,""
heuristic,injection,21,no,yes,0.5000,0.5000,0.5000,0,0.0000000,""
heuristic,injection,22,no,yes,0.5000,0.5000,0.5000,0,0.0000000,""
heuristic,injection,23,no,yes,0.5000,0.5000,0.5000,0,0.0000000,""
heuristic,injection,24,yes,yes,0.5000,0.5000,0.5000,0,0.0000000,""
heuristic,injection,25,no,yes,0.5000,0.5000,0.5000,0,0.0000000,""
heuristic,injection,26,no,yes,0.5000,0.5000,0.5000,0,0.0000000,""
heuristic,injection,27,no,yes,0.5000,0.5000,0.5000,0,0.0000000,""
heuristic,injection,28,no,yes,0.5000,0.5000,0.5000,0,0.0000000,""
heuristic,injection,29,no,yes,0.5000,0.5000,0.5000,0,0.0000000,""
heuristic,injection,30,no,yes,0.5000,0.5000,0.5000,0,0.0000000,""
heuristic,injection,31,no,yes,0.5000,0.5000,0.5000,0,0.0000000,""
heuristic,injection,32,no,yes,0.5000,0.5000,0.5000,0,0.0000000,""
heuristic,injection,33,no,yes,0.5000,0.5000,0.5000,0,0.0000000,""
heuristic,injection,34,no,yes,0.5000,0.5000,0.5000,0,0.0000000,""
heuristic,injection,35,no,no,0.6000,0.4000,0.6000,0,0.0000000,""
heuristic,injection,36,no,no,0.6000,0.4000,0.6000,0,0.0000000,""
heuristic,injection,37,no,no,0.6000,0.4000,0.6000,0,0.0000000,""
heuristic,injection,38,no,no,0.6000,0.4000,0.6000,0,0.0000000,""
heuristic,injection,39,no,no,0.6000,0.4000,0.6000,0,0.0000000,""
heuristic,injection,40,no,yes,0.5000,0.5000,0.5000,0,0.0000000,""
heuristic,injection,41,no,yes,0.5000,0.5000,0.5000,0,0.0000000,""
heuristic,injection,42,no,yes,0.5000,0.5000,0.5000,0,0.0000000,""
heuristic,injection,43,no,yes,0.5000,0.5000,0.5000,0,0.0000000,""
heuristic,injection,44,no,no,0.6000,0.4000,0.6000,0,0.0000000,""
heuristic,injection,45,no,yes,0.5000,0.5000,0.5000,0,0.0000000,""
heuristic,injection,46,no,yes,0.5000,0.5000,0.5000,0,0.0000000,""
heuristic,injection,47,no,yes,0.5000,0.5000,0.5000,0,0.0000000,""
heuristic,injection,48,no,yes,0.5000,0.5000,0.5000,0,0.0000000,""
heuristic,injection,49,no,yes,0.5000,0.5000,0.5000,0,0.0000000,""
heuristic,injection,50,no,no,0.6000,0.4000,0.6000,0,0.0000000,""
heuristic,injection,51,no,yes,0.5000,0.5000,0.5000,0,0.0000000,""
heuristic,injection,52,no,yes,0.5000,0.5000,0.5000,0,0.0000000,""
heuristic,injection,53,no,yes,0.5000,0.5000,0.5000,0,0.0000000,""
heuristic,injection,54,no,yes,0.5000,0.5000,0.5000,0,0.0000000,""
heuristic,injection,55,no,yes,0.5000,0.5000,0.5000,0,0.0000000,""
heuristic,injection,56,no,yes,0.5000,0.5000,0.5000,0,0.0000000,""
heuristic,injection,57,no,yes,0.5000,0.5000,0.5000,0,0.0000000,""
heuristic,injection,58,no,yes,0.5000,0.5000,0.5000,0,0.0000000,""
heuristic,injection,59,yes,no,0.6000,0.4000,0.4000,0,0.0000000,""
heuristic,injection,60,no,yes,0.5000,0.5000,0.5000,0,0.0000000,""
heuristic,injection,61,no,yes,0.5000,0.5000,0.5000,0,0.0000000,""
heuristic,injection,62,no,no,0.6000,0.4000,0.6000,0,0.0000000,""
heuristic,injection,63,no,no,0.6000,0.4000,0.6000,0,0.0000000,""
heuristic,injection,64,no,yes,0.5000,0.5000,0.5000,0,0.0000000,""
heuristic,injection,65,no,yes,0.6000,0.4000,0.4000,0,0.0000000,""
heuristic,injection,66,no,yes,0.5000,0.5000,0.5000,0,0.0000000,""
heuristic,injection,67,no,yes,0.5000,0.5000,0.5000,0,0.0000000,""
heuristic,injection,68,no,yes,0.5000,0.5000,0.5000,0,0.0000000,""
heuristic,injection,69,no,yes,0.5000,0.5000,0.5000,0,0.0000000,""
heuristic,injection,70,no,yes,0.5000,0.5000,0.5000,0,0.0000000,""
heuristic,injection,71,no,yes,0.5000,0.5000,0.5000,0,0.0000000,""
heuristic,injection,72,no,yes,0.5000,0.5000,0.5000,0,0.0000000,""
heuristic,injection,73,no,no,0.6000,0.4000,0.6000,0,0.0000000,""
heuristic,injection,74,no,yes,0.5000,0.5000,0.5000,0,0.0000000,""
heuristic,injection,75,no,yes,0.5000,0.5000,0.5000,0,0.0000000,""
heuristic,injection,76,no,no,0.6000,0.4000,0.6000,0,0.0000000,""
heuristic,injection,77,no,yes,0.5000,0.5000,0.5000,0,0.0000000,""
heuristic,injection,78,no,no,0.6000,0.4000,0.6000,0,0.0000000,""
heuristic,injection,79,yes,yes,0.5000,0.5000,0.5000,0,0.0000000,""
heuristic,injection,80,no,yes,0.5000,0.5000,0.5000,0,0.0000000,""
heuristic,injection,81,no,no,0.6000,0.4000,0.6000,0,0.0000000,""
heuristic,injection,82,no,yes,0.5000,0.5000,0.5000,0,0.0000000,""
heuristic,injection,83,yes,yes,0.5000,0.5000,0.5000,0,0.0000000,""
heuristic,injection,84,yes,yes,0.6000,0.4000,0.6000,0,0.0000000,""
heuristic,injection,85,no,yes,0.6000,0.4000,0.4000,0,0.0000000,""
heuristic,injection,86,no,yes,0.5000,0.5000,0.5000,0,0.0000000,""
heuristic,injection,87,no,yes,0.5000,0.5000,0.5000,0,0.0000000,""
heuristic,injection,88,no,yes,0.5000,0.5000,0.5000,0,0.0000000,""
heuristic,injection,89,no,yes,0.5000,0.5000,0.5000,0,0.0000000,""
heuristic,injection,90,no,yes,0.5000,0.5000,0.5000,0,0.0000000,""
heuristic,injection,91,no,yes,0.5000,0.5000,0.5000,0,0.0000000,""
heuristic,injection,92,no,no,0.6000,0.4000,0.6000,0,0.0000000,""
heuristic,injection,93,no,yes,0.5000,0.5000,0.5000,0,0.0000000,""
heuristic,injection,94,no,yes,0.5000,0.5000,0.5000,0,0.0000000,""
heuristic,injection,95,yes,no,0.6000,0.4000,0.4000,0,0.0000000,""
heuristic,injection,96,yes,yes,0.5000,0.5000,0.5000,0,0.0000000,""
heuristic,injection,97,yes,yes,0.5000,0.5000,0.5000,0,0.0000000,""
heuristic,injection,98,yes,yes,0.5000,0.5000,0.5000,0,0.0000000,""
heuristic,injection,99,yes,yes,0.5000,0.5000,0.5000,0,0.0000000,""
heuristic,injection,100,no,yes,0.5000,0.5000,0.5000,0,0.0000000,""
heuristic,injection,101,no,yes,0.5000,0.5000,0.5000,0,0.0000000,""
heuristic,injection,102,no,yes,0.5000,0.5000,0.5000,0,0.0000000,""
